"IJH.AX","ISCMIDCAP CDI 1:1",232.14,-1.15,N/A
"MOQ.AX","MOQLIMITED FPO",0.30,+0.00,N/A
"1PG.AX","1 PAGE FPO",N/A,+0.000,N/A
"ONT.AX","SMILES LTD FPO",7.10,+0.12,N/A
"1ST.AX","1ST GROUP FPO",0.04,+0.00,N/A
"T3D.AX","333D FPO",0.008,+0.000,N/A
"TGP.AX","360 GROUP STAPLED",0.94,+0.00,N/A
"TOT.AX","360 TOTAL STAPLED",1.14,-0.00,N/A
"TDO.AX","3D OIL FPO",0.048,-0.003,N/A
"DDD.AX","3D RES FPO",0.005,-0.001,N/A
"3PL.AX","3PLEARNING FPO",1.02,-0.01,N/A
"4DS.AX","4DSMEMORY FPO",0.026,-0.001,N/A
"88E.AX","88 ENERGY FPO",0.047,+0.000,N/A
"8CO.AX","8COMMONLTD FPO",0.057,+0.000,N/A
"8IH.AX","8I HOLD CDI 1:1",0.50,+0.00,N/A
"8EC.AX","8IP EMERG FPO",0.90,+0.00,N/A
"9SP.AX","9SPOKES FPO NZ",0.14,-0.00,N/A
"NNW.AX","99 WUXIAN CDI 1:1",0.093,+0.002,N/A
"ACB.AX","ACAP RES FPO",0.06,+0.00,N/A
"AYI.AX","A1 INVEST FPO",0.001,+0.000,N/A
"ABP.AX","ABACUS STAPLED",3.38,-0.03,N/A
"ALR.AX","ABERDEEN FPO",1.160,-0.005,N/A
"ABL.AX","ABILENEOIL FPO",0.015,+0.000,N/A
"ABU.AX","ABM RES FPO",0.09,+0.00,N/A
"AEG.AX","AB EQ PERF FPO",1.06,-0.01,N/A
"ABT.AX","ABUNDANT FPO",0.37,+0.02,N/A
"AJC.AX","ACACIACOAL FPO",0.006,+0.000,N/A
"AKG.AX","ACADEMIES FPO",0.19,-0.00,N/A
"ACS.AX","ACCENT RES FPO",0.05,+0.00,N/A
"ACX.AX","ACONEX FPO",4.83,+0.00,N/A
"ACQ.AX","ACORN CAP FPO",0.945,+0.005,N/A
"ACR.AX","ACRUX FPO",0.26,+0.00,N/A
"ACW.AX","ACTINOGEN FPO",0.08,+0.00,N/A
"AIV.AX","ACTIVEX FPO",0.12,+0.00,N/A
"ACU.AX","ACU LTD FPO",N/A,+0.000,N/A
"ADA.AX","ADACEL FPO",2.29,+0.01,N/A
"ADH.AX","ADAIRS FPO",0.77,+0.00,N/A
"1AD.AX","ADALTA FPO",0.32,+0.00,N/A
"ADD.AX","ADAVALE FPO",0.019,+0.000,N/A
"AAU.AX","ADCORP AUS FPO",0.02,+0.00,N/A
"ABC.AX","ADEL BRTN FPO",5.80,-0.04,N/A
"ADQ.AX","ADG GLOBAL FPO",N/A,+0.00,N/A
"ADR.AX","ADHERIUM FPO",0.17,+0.00,N/A
"AHZ.AX","ADMEDUS FPO",0.31,+0.00,N/A
"ADY.AX","ADMIRALTY FPO",0.009,+0.000,N/A
"ADJ.AX","ADSLOT LTD FPO",0.057,-0.005,N/A
"ABV.AX","ADV BRAKE FPO",0.007,+0.000,N/A
"ANO.AX","ADVNANOTEC FPO",0.027,+0.001,N/A
"ASW.AX","ADVANSHARE FPO",0.84,+0.00,N/A
"ADX.AX","ADXENERGY FPO",0.014,-0.001,N/A
"AER.AX","AEERIS FPO",0.05,+0.00,N/A
"AML.AX","AEON METAL FPO",0.16,+0.00,N/A
"AEI.AX","AERIS ENV FPO",0.320,+0.005,N/A
"AIS.AX","AERISRES FPO",0.049,+0.000,N/A
"AFR.AX","AFRICAN EN CDI 1:1",0.06,-0.00,N/A
"AFT.AX","AFT CORP FPO",0.001,+0.000,N/A
"AFP.AX","AFT PHARM FPO NZX",3.00,+0.00,N/A
"AFY.AX","AFTERPAY FPO",2.60,+0.03,N/A
"AGL.AX","AGL ENERGY FPO",26.98,-0.18,N/A
"AGJ.AX","AGRI LAND UNIT",0.05,+0.00,N/A
"AMN.AX","AGRIMIN FPO",0.51,+0.02,N/A
"AGR.AX","AGUIA RES FPO",0.46,-0.00,N/A
"AHL.AX","AHALIFE FPO",0.041,+0.002,N/A
"APW.AX","AIMSPROSEC UNIT",1.51,+0.01,N/A
"AGI.AX","AINSWORTH FPO",1.770,-0.025,N/A
"AIZ.AX","AIR N.Z. FPO NZX",2.58,-0.03,N/A
"AXP.AX","AIRXPANDRS CDI FORUS",0.845,-0.005,N/A
"AJL.AX","AJ LUCAS FPO",0.315,+0.000,N/A
"AQG.AX","ALACERGOLD CDI 1:1",2.23,+0.04,N/A
"AUQ.AX","ALARA RES FPO",0.016,+0.000,N/A
"ACL.AX","ALCHEMIA FPO",0.01,+0.00,N/A
"ALY.AX","ALCHEMYRES FPO",0.018,+0.000,N/A
"ALC.AX","ALCIDION FPO",0.067,+0.004,N/A
"LEP.AX","ALE GROUP STAPLED",4.84,-0.02,N/A
"AJX.AX","ALEXIUM FPO",0.51,+0.00,N/A
"AEB.AX","ALGAETEC FPO",0.058,+0.005,N/A
"AQI.AX","ALICANTO FPO",0.19,-0.00,N/A
"AQX.AX","ALICEQUEEN FPO",0.046,+0.001,N/A
"ALK.AX","ALKANE FPO",0.26,+0.00,N/A
"AHQ.AX","ALLEGIANCE FPO",0.02,+0.00,N/A
"AMT.AX","ALLEGRA FPO",0.20,+0.00,N/A
"AQZ.AX","AAVIATION FPO",0.830,+0.025,N/A
"AGS.AX","ALLIANCE FPO",0.09,-0.00,N/A
"AGE.AX","ALLIGATOR FPO",0.012,+0.000,N/A
"AYR.AX","ALLOY RES FPO",0.006,+0.000,N/A
"ALQ.AX","ALS FPO",6.33,-0.01,N/A
"ARS.AX","ALTRES LTD FPO",0.046,+0.000,N/A
"ATC.AX","ALTECH CHE FPO",0.130,+0.000,N/A
"AIQ.AX","A INV TRST UNITS",0.08,+0.00,N/A
"1AG.AX","ALTERRA FPO",0.030,+0.000,N/A
"ALU.AX","ALTIUM LTD FPO",8.55,+0.00,N/A
"AME.AX","ALTOMETALS FPO",0.090,+0.000,N/A
"AOH.AX","ALTONA FPO",0.145,+0.003,N/A
"AJM.AX","ALTURA FPO",0.145,+0.000,N/A
"AWC.AX","ALUMINA FPO",1.840,-0.050,N/A
"AMA.AX","AMA GROUP FPO",1.08,+0.00,N/A
"ANL.AX","AMANI GOLD FPO",0.036,-0.004,N/A
"AYS.AX","AMAYSIM FPO",1.77,+0.10,N/A
"AMO.AX","AMBERTECH FPO",0.20,+0.00,N/A
"AMB.AX","AMBITION FPO",0.17,+0.00,N/A
"AMH.AX","AMCIL FPO",0.93,+0.00,N/A
"AMC.AX","AMCOR FPO",15.30,+0.02,N/A
"AOW.AX","AMERICAN FPO",0.031,+0.000,N/A
"AXZ.AX","AMEX RES FPO",0.50,+0.00,N/A
"AMP.AX","AMP FPO",5.22,-0.06,N/A
"ANQ.AX","ANAECO LTD FPO",0.003,+0.000,N/A
"ALT.AX","ANALYTICA FPO",0.006,+0.000,N/A
"ANR.AX","ANATARA LS FPO",1.03,+0.03,N/A
"AHR.AX","ANCHOR RES FPO",0.195,+0.000,N/A
"ADN.AX","ANDROMEDA FPO",0.007,+0.000,N/A
"ATM.AX","ANEKA TAMB CDI 1:5",0.90,+0.00,N/A
"AQM.AX",N/A,N/A,N/A,N/A
"AAR.AX","ANGLO FPO",0.040,-0.006,N/A
"AGG.AX","ANGLOGOLD CDI 5:1",3.15,+0.02,N/A
"AB1.AX","ANIMOCA FPO",0.030,+0.000,N/A
"AWV.AX","ANOVAMETAL FPO",0.120,-0.005,N/A
"ANN.AX","ANSELL FPO",24.29,-0.22,N/A
"ASN.AX","ANSON RES FPO",0.032,-0.002,N/A
"AZZ.AX","ANTARES FPO",N/A,+0.00,N/A
"ATT.AX","ANTE REAL UNIT",0.03,+0.00,N/A
"ADO.AX","ANTEO FPO",0.03,+0.00,N/A
"AVD.AX","ANTILLES FPO",0.020,-0.001,N/A
"AZY.AX","ANTIPA MIN FPO",0.019,+0.000,N/A
"APL.AX","ANTIPODES FPO",1.230,-0.015,N/A
"ANP.AX","ANTISENSE FPO",0.032,-0.001,N/A
"APE.AX","AP EAGERS FPO",7.60,-0.21,N/A
"APA.AX","APA GROUP STAPLED",9.44,-0.04,N/A
"AAL.AX","APAC COAL FPO",N/A,+0.000,N/A
"AQQ.AX","APHRODITE FPO",0.027,-0.002,N/A
"AHX.AX","APIAM FPO",1.25,+0.04,N/A
"APN.AX","APN N&M FPO",N/A,+0.12,N/A
"APO.AX","APNOUTDOOR FPO",5.35,-0.07,N/A
"APD.AX","APN PROP FPO",0.38,-0.01,N/A
"AOP.AX","APOLLOCONS FPO",0.077,+0.000,N/A
"AON.AX","APOLLO MIN FPO",0.230,-0.005,N/A
"AOJ.AX",N/A,N/A,N/A,N/A
"AOR.AX",N/A,N/A,N/A,N/A
"AOL.AX",N/A,N/A,N/A,N/A
"ATL.AX","APOLLO T&L FPO",1.34,+0.00,N/A
"APX.AX","APPEN FPO",2.65,-0.01,N/A
"AD1.AX","APPLYDIRCT FPO",0.17,+0.01,N/A
"AQH.AX",N/A,N/A,N/A,N/A
"AQU.AX","AQUAINT FPO",N/A,+0.00,N/A
"AQS.AX","AQUIS FPO",0.07,+0.00,N/A
"ARU.AX","ARAFURA FPO",0.052,-0.001,N/A
"ARB.AX","ARB CORP FPO",16.53,+0.03,N/A
"ARX.AX","ARC EXPLRN FPO",0.540,+0.000,N/A
"AXE.AX","ARCHER EXP FPO",0.058,+0.002,N/A
"ARL.AX","ARDEARES FPO",0.58,-0.03,N/A
"AAD.AX","ARDENT LEI STAPLED",2.06,+0.01,N/A
"ADV.AX","ARDIDEN FPO",0.017,+0.000,N/A
"ARF.AX","ARENA REIT STAPLED",2.12,-0.01,N/A
"ARD.AX","ARGENT MIN FPO",0.028,-0.001,N/A
"AXT.AX","ARGO EXPLO FPO",0.059,+0.000,N/A
"ALI.AX","ARGO GLOBL FPO",1.84,-0.01,N/A
"ARG.AX","ARGO FPO",7.67,-0.08,N/A
"ARE.AX","ARGONAUT FPO",0.009,+0.000,N/A
"AGY.AX","ARGOSY FPO",0.085,+0.003,N/A
"ARA.AX","ARIADNE FPO",0.760,-0.005,N/A
"ALL.AX","ARISTOCRAT FPO",20.03,+0.22,N/A
"AHK.AX","ARK MINES FPO",0.13,-0.03,N/A
"AIK.AX","ARMIDALE FPO",N/A,+0.000,N/A
"AJQ.AX","ARMOUR FPO",0.08,+0.00,N/A
"AWQ.AX","AROWOPPFND FPO",0.92,+0.00,N/A
"AWN.AX","AROWANA FPO",0.52,+0.01,N/A
"ARI.AX","ARRIUM FPO",N/A,+0.000,N/A
"AR1.AX","ARROWHEAD FPO",N/A,+0.000,N/A
"ARV.AX","ARTEMIS FPO",0.083,+0.014,N/A
"AAJ.AX","ARUMA RES FPO",0.01,+0.00,N/A
"AHY.AX","ASALEO FPO",1.61,-0.20,N/A
"AJY.AX","ASAPLUS CDI 1:1",0.12,+0.00,N/A
"AFA.AX","ASF GROUP FPO",0.19,+0.00,N/A
"ASH.AX","ASHLEYSERV FPO",0.08,+0.00,N/A
"AJD.AX","APDCDATA STAPLED",1.65,+0.00,N/A
"DIG.AX","APDIGITAL FPO",0.36,+0.00,N/A
"AJJ.AX","ASIAN AMER FPO",0.12,+0.00,N/A
"ATB.AX",N/A,N/A,N/A,N/A
"AUF.AX","ASIANMAST FPO",1.45,+0.10,N/A
"AM3.AX",N/A,N/A,N/A,N/A
"AKF.AX","ASK FUND FPO",0.06,+0.00,N/A
"APZ.AX","ASPEN STAPLED",1.11,+0.01,N/A
"ASP.AX","ASPERMONT FPO",0.007,-0.001,N/A
"AKM.AX","ASPIRE FPO",0.021,-0.002,N/A
"ASY.AX","ASSEMBLE FPO",N/A,+0.000,N/A
"AO1.AX","ASSETOWL FPO",0.25,+0.00,N/A
"AIR.AX","ASTIVITA FPO",0.079,+0.000,N/A
"AJA.AX","ASTROJAPAN FORUS",6.65,+0.00,N/A
"ARO.AX","ASTRO RES FPO",0.003,+0.000,N/A
"ATR.AX","ASTRON CDI 1:1",0.19,+0.00,N/A
"ASX.AX","ASX FPO",52.00,+0.07,N/A
"ATA.AX","ATC ALLOYS FPO",N/A,+0.000,N/A
"ACG.AX","ATCOR FPO",0.055,-0.001,N/A
"AHN.AX","ATHENA RES FPO",0.027,+0.000,N/A
"AGO.AX","ATLAS IRON FPO",0.014,+0.000,N/A
"ATP.AX","ATLASPEARL FPO",0.028,+0.000,N/A
"ATU.AX","ATRUM COAL FPO",0.25,+0.03,N/A
"AYA.AX","ATTILA RES FPO",N/A,+0.000,N/A
"AUB.AX","AUB GROUP FPO",N/A,+0.24,N/A
"AIA.AX","AUCK AIRPT FPO NZX",6.50,+0.02,N/A
"ACP.AX","AUDALIA FPO",0.022,+0.000,N/A
"AKP.AX","AUDIOPIXEL FPO",16.00,+0.31,N/A
"AUG.AX","AUGEND FPO",N/A,+0.00,N/A
"AUK.AX","AUGUR RES FPO",N/A,+0.000,N/A
"AEE.AX","AURA EN FPO",0.025,-0.001,N/A
"AMI.AX","AURELIA FPO",0.22,-0.01,N/A
"AZJ.AX","AURIZON FPO",5.47,-0.02,N/A
"AOU.AX","AUROCH MIN FPO",0.20,+0.01,N/A
"ABW.AX","AURORA ARF ORD UNIT",0.56,+0.00,N/A
"AOD.AX","AURORADIT MFUNIT",N/A,+0.004,N/A
"AIB.AX","AURORA GLB UNITS",0.70,+0.01,N/A
"A3D.AX","AURORALABS FPO",1.43,+0.05,N/A
"ARM.AX","AURORA MIN FPO",0.050,+0.000,N/A
"AUP.AX","AURORA PRP UNITS",N/A,-0.24,N/A
"AQJ.AX","AUSASIAMIN FPO",N/A,+0.000,N/A
"ANW.AX","AUS TIN FPO",0.008,+0.000,N/A
"AC8.AX","AUSCANN FPO",0.595,+0.010,N/A
"ASL.AX","AUSDRILL FPO",1.33,-0.06,N/A
"AUC.AX","AUSGOLD FPO",0.028,+0.000,N/A
"AOA.AX","AUSMON FPO",0.005,+0.000,N/A
"AU1.AX","AUSFINSERV FPO",0.025,+0.000,N/A
"ANV.AX",N/A,N/A,N/A,N/A
"AST.AX","AUSNET FPO",1.760,+0.020,N/A
"AQD.AX","AUSQUEST FPO",0.013,+0.000,N/A
"ARK.AX","AUSROC ME FPO",N/A,+0.00,N/A
"ASB.AX","AUSTAL LTD FPO",1.80,+0.00,N/A
"AOK.AX","AUSTEX OIL FPO",0.023,+0.000,N/A
"ANG.AX","AUSTIN ENG FPO",0.17,+0.00,N/A
"AKK.AX","AUSTIN FPO",0.004,+0.000,N/A
"ACK.AX","AUSTOCK FPO",0.74,-0.10,N/A
"APG.AX","AUSTPAC R FPO",0.007,+0.000,N/A
"AGD.AX","AUST GOLD FPO",0.17,+0.00,N/A
"ARH.AX","AUSASN RES FPO",N/A,+0.000,N/A
"ANZ.AX","ANZ BANK FPO",29.45,+0.19,N/A
"AYM.AX","AUSTUNITED FPO",0.005,+0.000,N/A
"AAC.AX","AUST AG CO FPO",1.92,+0.04,N/A
"AAP.AX","AUSAGRIPRO FPO",0.050,+0.000,N/A
"ABX.AX","AUSBAUXITE FPO",0.12,-0.01,N/A
"ACO.AX","AUSCAREER FPO",N/A,+0.00,N/A
"XCL.AX",N/A,N/A,N/A,N/A
"AHF.AX","AUSDAIRY STAPLED",0.120,-0.005,N/A
"AYF.AX","AUST EIF UNIT",6.05,+0.03,N/A
"AEF.AX","A ETHICAL FPO",82.79,-1.00,N/A
"AFG.AX","AUSTRA FIN FPO",1.400,-0.005,N/A
"AFI.AX","AUS.FOUND. FPO",5.87,-0.04,N/A
"AQF.AX","AUSGOVMAST FPO",2.00,+0.00,N/A
"GSB.AX",N/A,N/A,N/A,N/A
"GSI.AX",N/A,N/A,N/A,N/A
"ALF.AX","AUST LEAD FPO",1.235,+0.005,N/A
"AYD.AX","AMYF ONE FPO",N/A,+0.00,N/A
"AYH.AX","AMYF TWO FPO",N/A,+1.25,N/A
"AYJ.AX","AMYF THREE FPO",55.00,+0.00,N/A
"AYK.AX","AMYF FOUR FPO",N/A,+0.00,N/A
"AYZ.AX","AMYF FIVE FPO",N/A,-0.11,N/A
"AUZ.AX","AUST MINES FPO",0.013,+0.000,N/A
"AQC.AX","AUSPACCOAL FPO",0.010,+0.000,N/A
"API.AX","AUST PHARM FPO",2.17,+0.01,N/A
"APC.AX","AUSPOTASH FPO",0.12,-0.01,N/A
"ARC.AX","AUST RURAL FPO",0.65,+0.00,N/A
"AUI.AX","A.U.INV. FPO",8.23,+0.01,N/A
"AYU.AX",N/A,N/A,N/A,N/A
"AOF.AX","AU OFFICE FPO",2.13,+0.02,N/A
"AVL.AX","AUSTVANAD FPO",0.017,+0.000,N/A
"AVG.AX","AUST VINT FPO",0.47,-0.00,N/A
"AWY.AX","AUSWHISKY FPO",0.032,+0.000,N/A
"ATS.AX","AUSTRALIS FPO",0.250,+0.005,N/A
"ANS.AX","AUSTSINORE FPO",N/A,+0.000,N/A
"ABA.AX","AUSWIDE FPO",5.29,+0.01,N/A
"AIY.AX","AUTHINVEST FPO",0.024,+0.000,N/A
"AHG.AX","AHG LTD FPO",3.70,-0.01,N/A
"4WD.AX","AUTO SOLNS FPO",0.395,+0.020,N/A
"ASG.AX","AUTOSPORTS FPO",2.23,-0.13,N/A
"AVI.AX","AVALON MIN FPO",0.016,+0.000,N/A
"AVB.AX","AVANCO RES FPO",0.099,-0.002,N/A
"AEV.AX","AVENIRA FPO",0.083,+0.000,N/A
"AVN.AX","AVENTUS RE UNIT",2.47,-0.01,N/A
"AOG.AX","AVEO GROUP STAPLED",3.33,+0.00,N/A
"AVW.AX","AVIRAENRGY FPO",0.23,+0.00,N/A
"AVH.AX","AVITA MED FPO",0.088,+0.002,N/A
"AVJ.AX","AVJ FPO",0.61,+0.00,N/A
"AVZ.AX","AVZ MINS FPO",0.043,+0.000,N/A
"AWE.AX","AWE LTD FPO",0.52,+0.01,N/A
"AXJ.AX",N/A,N/A,N/A,N/A
"AVQ.AX","AXIOM MINE CDI 1:1",0.14,-0.02,N/A
"AXI.AX","AXIOM FPO",0.054,+0.000,N/A
"AXL.AX","AXSESS T FPO",1.48,-0.01,N/A
"AYG.AX","AXXISTECH FPO",N/A,+0.000,N/A
"APY.AX","AZONTOPET FPO",0.010,+0.000,N/A
"AZM.AX","AZUMAH FPO",0.027,+0.000,N/A
"AZV.AX","AZ HEALTH FPO",0.09,+0.00,N/A
"AZS.AX","AZURE MINS FPO",0.012,+0.000,N/A
"BBN.AX","BABY B FPO",1.95,-0.06,N/A
"BTI.AX","BAILADOR FPO",0.92,-0.01,N/A
"BOQ.AX","BANK QLD FPO",12.00,+0.02,N/A
"BMN.AX","BANNERMAN FPO",0.04,-0.00,N/A
"BAP.AX","BAPCOR LTD FPO",5.12,-0.10,N/A
"BKP.AX","BARAKA FPO",0.002,+0.000,N/A
"BCL.AX","BARALABA FPO",0.470,+0.005,N/A
"BD1.AX","BARD1 LIFE FPO",0.017,-0.019,N/A
"BAR.AX","BARRA RES FPO",0.051,-0.006,N/A
"BST.AX","BARRACKST FPO",0.90,+0.00,N/A
"BSE.AX","BASEIRON FPO",0.310,+0.000,N/A
"BSM.AX","BASSMETALS FPO",0.01,-0.00,N/A
"BAS.AX","BASS OIL FPO",0.002,+0.000,N/A
"BSR.AX","BASSARI FPO",0.017,+0.000,N/A
"BRL.AX","BATHURST FPO",0.079,+0.001,N/A
"BAT.AX","BATTMIN FPO",0.080,+0.004,N/A
"BMH.AX","BAUMART FPO",0.22,+0.00,N/A
"BAU.AX","BAUXITERES FPO",0.067,+0.000,N/A
"BBX.AX","BBXMINERAL FPO",0.08,+0.01,N/A
"BCI.AX","BCIRON FPO",0.145,+0.005,N/A
"BCD.AX","BCD RES FPO",N/A,+0.000,N/A
"BPT.AX","BEACH FPO",0.69,-0.00,N/A
"BLX.AX","BEACON LTG FPO",1.59,-0.01,N/A
"BCN.AX","BEACON MIN FPO",0.024,+0.000,N/A
"BDR.AX","BEADELL FPO",0.24,+0.00,N/A
"BGA.AX","BEGA FPO",6.30,+0.06,N/A
"BFG.AX","BELL FN GP FPO",0.68,+0.00,N/A
"BAL.AX","BELLAMYS FPO",5.81,-0.28,N/A
"BEN.AX","BEN ADE BK FPO",12.24,+0.10,N/A
"BLT.AX","BENITEC FPO",0.170,-0.005,N/A
"BEL.AX","BENTLEY FPO",0.14,+0.00,N/A
"BKY.AX","BERKELEY FPO",0.89,+0.04,N/A
"BMT.AX","BERKUT FPO",0.21,+0.02,N/A
"BFC.AX","BEST GLOB FPO",0.245,+0.000,N/A
"BYI.AX","BEYOND INT FPO",0.95,+0.00,N/A
"BHP.AX","BHP BLT FPO",23.83,+0.07,N/A
"BID.AX","BIDENERGY FPO",0.034,+0.000,N/A
"BRI.AX","BIG RIVER FPO",1.68,+0.01,N/A
"BIG.AX","BIG UN FPO",0.660,-0.030,N/A
"BTH.AX","BIGTINCAN FPO",0.200,+0.005,N/A
"BBG.AX","BILLABONG FPO",1.10,-0.01,N/A
"BNO.AX","BIONOMICS FPO",0.37,+0.02,N/A
"BTC.AX","BIO CAPITL FPO",0.13,+0.00,N/A
"BIT.AX","BIOTRON FPO",0.033,+0.000,N/A
"BXN.AX","BIOXYNE FPO",0.015,+0.002,N/A
"BOP.AX","B&P GROUP FPO",N/A,+0.00,N/A
"BGS.AX","BIRIMIAN FPO",N/A,+0.000,N/A
"BIS.AX","BISALLOY FPO",0.43,+0.00,N/A
"BSN.AX","BISAN FPO",0.020,+0.000,N/A
"BKI.AX","BKI INVEST FPO",1.63,+0.01,N/A
"BKM.AX","BKM MANAGE FPO",0.001,+0.000,N/A
"BMZ.AX","BLACKMOUNT FPO",0.036,+0.000,N/A
"BKT.AX","BLACKROCK FPO",0.075,-0.001,N/A
"BSP.AX","BLACKSTAR FPO",0.003,-0.001,N/A
"BGG.AX","BGOLD INT FPO",0.031,+0.000,N/A
"BLK.AX","BLACKHAM FPO",0.340,-0.015,N/A
"BKL.AX","BLACKMORE. FPO",105.70,-2.30,N/A
"BSX.AX","BLACKSTONE FPO",0.19,+0.00,N/A
"BWF.AX","BLACKWALL FPO",1.00,+0.00,N/A
"BWR.AX","BWLPTRUST UNITS",1.34,+0.00,N/A
"BLZ.AX","BLAZE INT FPO",0.03,+0.00,N/A
"BGH.AX","BLIGHRESOU FPO",0.039,+0.000,N/A
"BDI.AX","BLINA M FPO",0.002,+0.000,N/A
"BUL.AX","BLUEENERGY FPO",0.059,+0.001,N/A
"BLA.AX","BLUE SKY FPO",8.00,-0.16,N/A
"BAF.AX","BLUE S AAF FPO",1.16,+0.01,N/A
"BCT.AX","BLUECHIIP FPO",0.033,+0.003,N/A
"BSL.AX","BLUESCOPE FPO",11.30,-0.19,N/A
"BLG.AX","BLUGLASS FPO",0.24,+0.01,N/A
"BMG.AX","BMG FPO",0.011,+0.000,N/A
"BOA.AX","BOADICEA FPO",0.19,+0.00,N/A
"BLY.AX","BOART FPO",0.043,+0.000,N/A
"BDA.AX","BOD AUST FPO",0.23,-0.02,N/A
"BOL.AX","BOOM FPO",0.12,-0.01,N/A
"BBR.AX","BORA BORA FPO",N/A,+0.000,N/A
"BLD.AX","BORAL LTD FPO",6.67,-0.09,N/A
"BOE.AX","BOSS RES FPO",0.06,+0.00,N/A
"BOT.AX","BOTANIX FPO",0.05,+0.00,N/A
"BML.AX","BOTSWANA FPO",0.002,+0.000,N/A
"BOC.AX","BOUGVLLE.C FPO 1K",0.40,+0.01,N/A
"BUY.AX","BOUNTY OIL FPO",0.008,+0.000,N/A
"BHL.AX","BOYUAN FPO",0.17,+0.00,N/A
"BPB.AX",N/A,N/A,N/A,N/A
"BPH.AX","BPH ENERGY FPO",0.004,-0.001,N/A
"BPS.AX","BPSTECH FPO",0.905,+0.000,N/A
"BKN.AX","BRADKEN FPO",N/A,+0.00,N/A
"BRC.AX","BRAIN RES FPO",0.070,-0.005,N/A
"BRN.AX","BRAINCHIP FPO",0.205,-0.005,N/A
"BXB.AX","BRAMB LTD FPO",10.37,-0.13,N/A
"BVS.AX","BRAVURA FPO",1.41,+0.05,N/A
"BRB.AX","BREAKER FPO",0.65,-0.04,N/A
"BRG.AX","BREVILLE FPO",10.70,+0.09,N/A
"BKW.AX","BRICKWORKS FPO",15.38,-0.05,N/A
"BYL.AX","BRIERTY FPO",N/A,+0.000,N/A
"BTN.AX","BRIGHT MIN FPO",N/A,+0.000,N/A
"BBL.AX","BRIS BRONC FPO",0.50,+0.00,N/A
"BRO.AX","BROAD INVT FPO",N/A,+0.000,N/A
"BCK.AX","BROCKMAN FPO",0.028,+0.000,N/A
"BPL.AX","BROKEN HIL FPO NZ",0.038,+0.000,N/A
"BGR.AX","BRONSON GR FPO",N/A,+0.000,N/A
"BEE.AX","BROO LTD FPO",0.265,+0.000,N/A
"BPA.AX","BROOKPRIME UNIT",8.68,+0.00,N/A
"BRK.AX","BROOKSIDE FPO",0.011,+0.000,N/A
"BSA.AX","BSA AUST FPO",0.34,+0.00,N/A
"BTT.AX","BT INVEST FPO",12.35,+0.57,N/A
"BUB.AX","BUBS AUST FPO",0.14,-0.00,N/A
"BUD.AX","BUDDY FPO",0.058,+0.001,N/A
"BUG.AX","BUD GINGER FPO",0.34,+0.00,N/A
"BIQ.AX","BUILDINGIQ CDI 1:1",0.054,-0.005,N/A
"BNR.AX","BULLETIN FPO",0.040,-0.001,N/A
"BPF.AX","BULLETPRF FPO",0.095,-0.005,N/A
"BUA.AX","BURRABULLA FPO",N/A,+0.00,N/A
"BRU.AX","BURUENERGY FPO",0.17,-0.00,N/A
"BUX.AX","BUXTONRES FPO",0.26,-0.02,N/A
"BMP.AX","BUYMYPLACE FPO",0.220,+0.025,N/A
"BWP.AX","BWP TRUST ORD UNITS",2.95,+0.01,N/A
"BWX.AX","BWXLIMITED FPO",5.26,-0.10,N/A
"BYE.AX","BYRON ENER FPO",0.100,-0.005,N/A
"BPG.AX","BYTE POWER FPO",0.001,+0.000,N/A
"CAB.AX","CABCHARGE FPO",2.58,-0.08,N/A
"CBS.AX","CABRAL FPO",N/A,+0.00,N/A
"CDM.AX","CADENCE FPO",1.22,-0.01,N/A
"CAD.AX","CAENEUS FPO",0.004,+0.000,N/A
"DXA.AX",N/A,N/A,N/A,N/A
"CTX.AX","CALTEX FPO",32.80,+0.02,N/A
"CAE.AX","CANNINDAH FPO",0.025,+0.000,N/A
"CAY.AX","CANYON FPO",0.085,+0.006,N/A
"CFE.AX","CAPE LAMBT FPO",0.028,+0.002,N/A
"CZZ.AX","CAPILANO FPO",14.78,+0.00,N/A
"CMY.AX","CAP MINING FPO",0.01,-0.00,N/A
"CAJ.AX","CAPITOL H FPO",0.180,-0.010,N/A
"CAA.AX","CAPRAL FPO",0.14,-0.01,N/A
"CMM.AX","CAPMETALS FPO",0.100,+0.001,N/A
"CAQ.AX","CAQHOLDLTD FPO",0.08,+0.00,N/A
"CVV.AX","CARAVELMIN FPO",0.069,-0.001,N/A
"CRB.AX","CARBINE FPO",0.085,-0.002,N/A
"CNQ.AX","CARB TUNG FPO",0.010,-0.001,N/A
"CNX.AX","CARBON ENE FPO",N/A,+0.000,N/A
"CRM.AX","CARBON FPO",0.20,+0.00,N/A
"CDV.AX","CARDINAL FPO",0.450,-0.005,N/A
"CDD.AX","CARDNO FPO",1.42,-0.04,N/A
"CDP.AX","CARINDALE UNIT",8.11,+0.08,N/A
"CIN.AX","CARLT.INV. FPO",32.38,+0.00,N/A
"CVN.AX","CARNARVON FPO",0.088,-0.001,N/A
"CAV.AX","CARNAVALE FPO",0.014,+0.000,N/A
"CCE.AX","CARNEGIE FPO",0.06,+0.00,N/A
"CAP.AX","CARPENTARI FPO",0.058,+0.000,N/A
"CAR.AX","CARSALES FPO",11.71,-0.03,N/A
"CCV.AX","CASH CONV FPO",0.28,+0.00,N/A
"CZI.AX","CASSINI FPO",0.073,+0.003,N/A
"CCZ.AX","CASTILLOCO FPO",0.015,+0.000,N/A
"CDT.AX","CASTLE MIN FPO",0.018,+0.000,N/A
"CYL.AX","CAT METALS FPO",0.47,+0.00,N/A
"CAT.AX","CATAPULT FPO",2.01,-0.08,N/A
"CXU.AX","CAULDRON FPO",0.049,+0.000,N/A
"CAZ.AX","CAZALY RES FPO",0.058,-0.003,N/A
"CBC.AX","CBGCAPITAL FPO",0.930,+0.000,N/A
"CBL.AX","CBL CORP FPO NZX",3.22,-0.06,N/A
"CT1.AX","CCP TECH FPO",0.019,+0.001,N/A
"CWP.AX","CEDARWOODS FPO",5.30,+0.04,N/A
"CNL.AX","CELAMIN FPO",N/A,+0.00,N/A
"CDY.AX","CELLMID FPO",0.028,-0.002,N/A
"CLT.AX","CELLNET FPO",0.26,+0.00,N/A
"CLA.AX","CELCOAL FPO",0.042,+0.000,N/A
"CTM.AX","CENTAURUS FPO",0.009,+0.001,N/A
"CTL.AX","CENTENNML FPO",0.013,-0.001,N/A
"CVR.AX","CENASIARES FPO",N/A,+0.000,N/A
"CTP.AX","CENT PETRL FPO",0.19,-0.01,N/A
"CAF.AX","C ALLIANCE FPO",0.69,+0.00,N/A
"CXM.AX","CENTREX FPO",0.067,+0.000,N/A
"CNI.AX","CENTURIA STAPLED",1.235,+0.030,N/A
"CIP.AX","CEN I REIT ORD UNIT",2.49,-0.05,N/A
"CMA.AX","CENTMTREIT ORD UNIT",2.50,-0.11,N/A
"CUA.AX","CEN U REIT ORD UNIT",2.34,+0.01,N/A
"CYA.AX","CENTURY AU FPO",0.95,-0.02,N/A
"CFU.AX","CERAMCCELL FPO",N/A,+0.000,N/A
"CVS.AX","CERVANTES FPO",0.014,+0.000,N/A
"CFO.AX","CFOAM FPO",0.385,-0.010,N/A
"CHN.AX","CHALICE FPO",0.160,+0.000,N/A
"CEL.AX","CHAL ENG FPO",0.025,+0.001,N/A
"CGF.AX","CHALLENGER FPO",12.97,-0.11,N/A
"CHJ.AX",N/A,N/A,N/A,N/A
"CHU.AX",N/A,N/A,N/A,N/A
"CHR.AX","CHALMERS FPO",3.90,+0.00,N/A
"CIA.AX","CHAMP IRON FPO",0.925,-0.025,N/A
"CHP.AX","CHAPMANS FPO",0.019,+0.001,N/A
"CHC.AX","CHARTER HG FORUS",5.80,+0.01,N/A
"CLW.AX","CHTR H LWR STAPLED",4.04,-0.01,N/A
"CQR.AX","CHRETAILRT UNIT",4.37,-0.02,N/A
"CHF.AX","CHARTERPAC FPO",N/A,+0.000,N/A
"CHZ.AX","CHESSER FPO",0.051,+0.000,N/A
"CCA.AX","CHIMPCHNGE FPO",0.84,+0.00,N/A
"CCB.AX",N/A,N/A,N/A,N/A
"CDC.AX","CHINADAIRY CDI 1:1",0.12,+0.00,N/A
"CMC.AX","CHINA MAG FPO",0.02,+0.00,N/A
"CYU.AX","CHINALCO FPO",0.010,+0.000,N/A
"CDH.AX","CHONGHERR FPO",0.013,+0.000,N/A
"CNU.AX","CHORUS FPO NZX",4.40,+0.00,N/A
"CII.AX","CI RES FPO",1.73,+0.04,N/A
"CIM.AX","CIMIC FPO",40.00,-0.20,N/A
"CNW.AX","CIRRUS NET FPO",0.019,+0.001,N/A
"CTR.AX","CITATIONRS FPO",N/A,+0.000,N/A
"CTO.AX","CITIGOLD FPO",0.01,+0.00,N/A
"CLY.AX","CLANCY EXP FPO",0.003,+0.000,N/A
"CND.AX","CLARIUS FPO",0.100,+0.000,N/A
"CL1.AX","CLASS FPO",3.05,-0.02,N/A
"CLZ.AX","CLASSICMIN FPO",0.01,+0.00,N/A
"CSS.AX","CLEAN SEAS FPO",0.04,-0.00,N/A
"CLQ.AX","CLEANTEQ FPO",0.64,-0.02,N/A
"CWY.AX","CLEANAWAY FPO",1.31,-0.02,N/A
"CVW.AX","CLEARVIEW FPO",1.430,-0.015,N/A
"CDG.AX","CLEVELAND FPO",N/A,+0.00,N/A
"CAM.AX","CLIME CAP FPO",0.875,+0.000,N/A
"CIW.AX","CLIME INV FPO",0.510,+0.010,N/A
"CUV.AX","CLINUVEL FPO",7.25,+0.29,N/A
"CLV.AX","CLOVER FPO",0.470,+0.010,N/A
"CMI.AX","CMI FPO",1.03,+0.00,N/A
"CGR.AX","CML GROUP FPO",0.27,+0.00,N/A
"CZA.AX","COALAFRICA FPO",0.055,+0.000,N/A
"CBQ.AX","COALBANK FPO",0.003,+0.000,N/A
"CA8.AX","COASSETS FPO",0.17,+0.00,N/A
"COB.AX","COBALT BLU FPO",0.20,-0.02,N/A
"CCL.AX","CC AMATIL FPO",9.65,-0.04,N/A
"COH.AX","COCHLEAR FPO",145.00,-1.47,N/A
"CDA.AX","CODAN FPO",2.25,+0.00,N/A
"CGS.AX","COGSTATE FPO",0.88,+0.00,N/A
"CHK.AX","COHIBA FPO",0.016,+0.000,N/A
"CKA.AX","COKAL FPO",0.031,+0.000,N/A
"CL8.AX","COLLABOR8 FPO",0.034,+0.003,N/A
"CLH.AX","COLL HOUSE FPO",1.280,+0.015,N/A
"CKF.AX","COLLINS FD FPO",5.43,-0.14,N/A
"CRL.AX","COMET FPO",0.05,+0.00,N/A
"COI.AX","COMETRIDGE FPO",0.15,+0.00,N/A
"CBA.AX","CWLTH BANK FPO",82.25,+0.57,N/A
"COM.AX","COMOPS FPO",0.014,+0.000,N/A
"CFF.AX",N/A,N/A,N/A,N/A
"CMP.AX","COMPUMEDIC FPO",0.400,-0.035,N/A
"CPU.AX","CSHARE FPO",15.10,+0.15,N/A
"CDB.AX","CON BLA MI FPO",N/A,+0.000,N/A
"CNJ.AX","CONICO LTD FPO",0.035,-0.004,N/A
"CIO.AX","CONNECTIO FPO",0.03,+0.00,N/A
"CXZ.AX","CONNEXION FPO",0.060,+0.000,N/A
"CSD.AX","CONS TIN FPO",N/A,+0.000,N/A
"CZL.AX","CONS ZINC FPO",0.018,-0.001,N/A
"CEN.AX","CONTACT EN FPO NZX",5.55,+0.00,N/A
"CGA.AX","CONTANGOAM FPO",1.25,+0.05,N/A
"CIE.AX","CNTNGO INC FPO",0.975,+0.000,N/A
"CTN.AX","CONTANGO FPO",0.90,-0.00,N/A
"COE.AX","COOPER FPO",0.36,-0.00,N/A
"CSE.AX","COPSTRIKE FPO",0.22,+0.00,N/A
"COY.AX","COPPERMOLY FPO",0.023,+0.001,N/A
"CZN.AX","CORAZON FPO",0.024,+0.000,N/A
"CXO.AX","CORE EXP FPO",0.080,-0.001,N/A
"CIZ.AX","CORIZON FPO",N/A,+0.00,N/A
"CTD.AX","CORP TRAV FPO",21.99,-0.07,N/A
"COO.AX","CORUM GRP FPO",0.04,+0.00,N/A
"CGC.AX","COSTA GRP FPO",4.50,+0.01,N/A
"CMT.AX","COTTOILGAS FPO",N/A,+0.00,N/A
"CGM.AX","COUGAR FPO",0.009,+0.000,N/A
"CUP.AX","COUNTPLUS FPO",0.63,+0.00,N/A
"CCJ.AX","COUNTY INT FPO",0.01,+0.00,N/A
"CVT.AX","COVATA FPO",0.031,-0.001,N/A
"CYG.AX","COVENTRY FPO",0.67,-0.01,N/A
"CYY.AX","COVRESINC FPO",0.018,+0.001,N/A
"CVO.AX","COVERMORE FPO",N/A,+0.000,N/A
"CZR.AX","COZIRONRES FPO",0.015,+0.000,N/A
"CGO.AX","CPT GLOBAL FPO",0.18,+0.00,N/A
"CXX.AX","CRADLE RES FPO",0.320,+0.000,N/A
"CGN.AX","CRATERGOLD FPO",0.026,+0.000,N/A
"CR8.AX","CRE8TEK FPO",0.038,+0.000,N/A
"CCP.AX","CREDITCORP FPO",18.99,+0.20,N/A
"CPH.AX","CRESO FPO",0.49,+0.02,N/A
"CMW.AX","CROMWELL STAPLED",0.98,-0.00,N/A
"CUX.AX","CROSS STRT FPO",0.007,+0.000,N/A
"CM8.AX","CROWD FPO",0.135,+0.000,N/A
"CWN.AX","CROWN FPO",12.85,+0.23,N/A
"CUF.AX",N/A,N/A,N/A,N/A
"CUH.AX",N/A,N/A,N/A,N/A
"CU1.AX",N/A,N/A,N/A,N/A
"CU2.AX",N/A,N/A,N/A,N/A
"CSN.AX",N/A,N/A,N/A,N/A
"CTH.AX",N/A,N/A,N/A,N/A
"CAS.AX","CRUSADER FPO",0.115,+0.000,N/A
"CTE.AX","CRYOSITE FPO",0.19,+0.01,N/A
"CSV.AX","CSG LTD FPO",0.46,+0.01,N/A
"CSL.AX","CSL FPO",134.66,+0.18,N/A
"CSR.AX","CSR FPO",4.30,-0.03,N/A
"CLX.AX","CTI LOGIST FPO",0.79,+0.00,N/A
"CDU.AX","CUDECO FPO",0.26,+0.01,N/A
"CUE.AX","CUE FPO",0.062,-0.001,N/A
"CUL.AX","CULLEN RES FPO",0.003,+0.000,N/A
"CV1.AX","CV CHECK FPO",0.12,+0.00,N/A
"CVC.AX","CVC LTD FPO",1.89,+0.05,N/A
"CWH.AX","CWH RESRCS FPO",N/A,+0.000,N/A
"CYB.AX","CYBG PLC CDI 1:1",5.05,-0.02,N/A
"CYQ.AX","CYCLIQ FPO",0.029,+0.000,N/A
"CYC.AX","CYCLOPHARM FPO",1.10,-0.05,N/A
"CYP.AX","CYNATA THR FPO",0.57,+0.00,N/A
"DCN.AX","DACIANGOLD FPO",1.705,+0.055,N/A
"DKO.AX","DAKOTAMIN FPO",0.059,-0.002,N/A
"DAU.AX","DAMPIERGOL FPO",0.040,+0.000,N/A
"DNK.AX","DANAKALI FPO",0.67,+0.00,N/A
"DHR.AX","DARK HORSE FPO",0.007,+0.000,N/A
"DTM.AX","DARTMIN FPO",0.007,+0.000,N/A
"DTL.AX","DATA3 FPO",1.67,+0.01,N/A
"DDT.AX","DATADOT FPO",0.008,+0.000,N/A
"DTR.AX","DATELINE FPO",0.036,+0.000,N/A
"DTX.AX","DATETIX FPO",0.27,+0.00,N/A
"DAV.AX","DAVENPORT FPO",0.11,+0.00,N/A
"DW8.AX","DAWINE FPO",0.018,-0.001,N/A
"DEG.AX","DEGREY FPO",0.054,+0.001,N/A
"DEM.AX","DEMEM LTD FPO",0.370,-0.050,N/A
"DSX.AX","DECIMAL FPO",0.048,+0.000,N/A
"DCG.AX","DECMIL GRP FPO",0.890,+0.015,N/A
"DYL.AX","D YELLOW FPO",0.250,+0.000,N/A
"DLC.AX","DELECTA FPO",0.005,+0.000,N/A
"DSB.AX","DELTA SBD FPO",0.180,+0.000,N/A
"DMI.AX","DEMPSEYMIN FPO",0.061,+0.000,N/A
"D13.AX","DEPT 13 FPO",0.140,-0.015,N/A
"DGH.AX","DESANE FPO",1.03,+0.00,N/A
"DVN.AX","DEVINE FPO",0.40,+0.00,N/A
"DXS.AX","DEXUS STAPLED",10.20,-0.05,N/A
"DGO.AX","DRUMMOND FPO",0.40,+0.00,N/A
"DGR.AX","DGR GLOBAL FPO",0.135,+0.005,N/A
"DRX.AX","DIATREME FPO",0.010,+0.000,N/A
"DDR.AX","DICKERDATA FPO",2.45,+0.03,N/A
"DMC.AX","DIGIMATIC CDI 1:1",0.085,+0.000,N/A
"DCC.AX","DIGITALX FPO",0.034,+0.000,N/A
"DXB.AX","DIMERIX FPO",0.007,+0.001,N/A
"DXF.AX","DING SHENG FPO",0.11,+0.00,N/A
"DGX.AX","DIPLOMA FPO",N/A,+0.000,N/A
"DM1.AX","DRECTMONEY FPO",0.05,+0.00,N/A
"DAF.AX","DIS AFRICA FPO",0.01,+0.00,N/A
"DUI.AX","DUI FPO",3.76,-0.02,N/A
"DJW.AX","DJW INVEST FPO",3.63,-0.06,N/A
"DCL.AX","DOMACOM FPO",0.145,+0.000,N/A
"DME.AX","DOMEGOLD FPO",0.23,+0.00,N/A
"DMP.AX","DOMINOS FPO",62.00,-3.21,N/A
"DNA.AX","DONACO FPO",0.52,-0.02,N/A
"DFM.AX","DONGFANG FPO",0.88,+0.02,N/A
"DRM.AX","DORAY MIN FPO",0.32,-0.00,N/A
"DVL.AX","DORSAVI FPO",0.33,+0.02,N/A
"DTZ.AX","DOTZ NANO FPO",0.195,-0.005,N/A
"DOW.AX","DOWNER EDI FPO",6.37,-0.02,N/A
"DRA.AX","DRAGON FPO",0.27,+0.01,N/A
"DMG.AX","DRAGONMOUN FPO",0.01,+0.00,N/A
"DTS.AX","DRAGONTAIL FPO",0.220,+0.000,N/A
"DRG.AX","DRAIG RESO FPO",0.04,+0.00,N/A
"DRK.AX","DRAKE RES FPO",N/A,+0.00,N/A
"DN8.AX","DREAMSCAPE FPO",0.200,+0.000,N/A
"DAM.AX",N/A,N/A,N/A,N/A
"DAE.AX",N/A,N/A,N/A,N/A
"DAQ.AX",N/A,N/A,N/A,N/A
"DRO.AX","DRONE FPO",0.345,+0.000,N/A
"DSE.AX","DROPSUITE FPO",0.065,-0.005,N/A
"DTI.AX","DTI GROUP FPO",0.19,-0.01,N/A
"DUB.AX","DUBBER FPO",0.23,-0.00,N/A
"DUE.AX","DUET FORUS",N/A,+0.03,N/A
"DKM.AX","DUKETON FPO",0.190,+0.000,N/A
"DLX.AX","DULUXG FPO",6.85,+0.00,N/A
"D2O.AX","DUXTON FPO",1.06,+0.00,N/A
"DWS.AX","DWS LTD FPO",1.600,+0.010,N/A
"DYE.AX","DYESOL LTD FPO",0.23,+0.00,N/A
"DMA.AX","DYNASTY FPO",N/A,+0.00,N/A
"EAL.AX","E&A LTD FPO",N/A,+0.00,N/A
"E2M.AX","E2METALS FPO",0.145,+0.000,N/A
"ENL.AX","EAGLE NICK FPO",N/A,+0.00,N/A
"EER.AX","EASTENERGY FPO",0.029,+0.000,N/A
"EWE.AX","EAST WEST FPO",N/A,+0.00,N/A
"EGS.AX","EASTGOLD FPO",0.34,-0.01,N/A
"EFE.AX","E IRON FPO",0.016,+0.000,N/A
"EAS.AX","EASTON FPO",1.32,+0.00,N/A
"EBO.AX","EBOS FPO NZ",18.82,-0.03,N/A
"ECG.AX","ECARGO CDI 1:1",0.08,+0.00,N/A
"EAR.AX","ECHO RES FPO",0.155,+0.000,N/A
"EPM.AX","ECLMETALS FPO",0.006,+0.000,N/A
"ECX.AX","ECLIPX FPO",3.98,-0.07,N/A
"EDE.AX","EDEN INNOV FPO",0.220,-0.020,N/A
"EGA.AX","EGANSTREET FPO",0.260,+0.000,N/A
"EDC.AX","EILDON CAP FPO",1.07,+0.00,N/A
"ENN.AX","ELANOR STAPLED",2.20,+0.00,N/A
"ERF.AX","ELANORETL STAPLED",1.33,+0.00,N/A
"ELD.AX","ELDERS FPO",4.47,+0.06,N/A
"EOS.AX","ELEC OPTIC FPO",3.10,-0.16,N/A
"ELT.AX","ELEMENTOS FPO",0.008,+0.001,N/A
"EXR.AX","ELIXIR PET FPO",0.035,+0.000,N/A
"ELK.AX","ELK PETROL FPO",0.063,+0.000,N/A
"EAI.AX","ELL ASIAN FPO",0.91,+0.01,N/A
"EGI.AX","ELLERSTON FPO",0.975,+0.015,N/A
"ELX.AX","ELLEX FPO",1.09,-0.01,N/A
"EYM.AX","ELYSIUM FPO",0.030,-0.001,N/A
"EMB.AX","EMBELTON FPO",12.50,+0.00,N/A
"EHL.AX","EMECO HLDG FPO",0.083,+0.000,N/A
"EMC.AX","EMEFCY GRP FPO",0.87,-0.05,N/A
"EMR.AX","EMERALD FPO",0.045,-0.002,N/A
"EMG.AX","EMERGENT FPO",0.009,+0.001,N/A
"EMF.AX","EMERG MKTS UNIT",2.00,+0.00,N/A
"EML.AX","EMLPAYMENT FPO",1.590,+0.005,N/A
"ERM.AX","EMMERSON FPO",0.083,+0.000,N/A
"ERX.AX","EMP RANGE FPO",0.063,+0.000,N/A
"EEG.AX","EMPIRE ENE FPO",0.008,+0.000,N/A
"EGO.AX","EMPIRE OIL FPO",0.18,-0.01,N/A
"ERL.AX","EMPIRE RES FPO",0.02,-0.00,N/A
"EPD.AX","EMPIREDLTD FPO",0.46,+0.01,N/A
"EMU.AX","EMU NL FPO",0.14,+0.00,N/A
"ENR.AX","ENCOUNTER FPO",0.125,+0.000,N/A
"ENB.AX","ENEABBA G FPO",0.010,-0.001,N/A
"ENX.AX","ENEGEX FPO",0.017,+0.000,N/A
"EMX.AX","ENERGIAMIN FPO",0.019,-0.002,N/A
"EAX.AX","ENERGY ACT FPO",0.81,-0.01,N/A
"EME.AX","ENERGY MET FPO",0.11,+0.00,N/A
"EOL.AX","ENERGY ONE FPO",0.38,+0.00,N/A
"ERA.AX","ERA FPO 'A'",0.560,+0.015,N/A
"EGY.AX","ENERGYTECH FPO",0.007,+0.001,N/A
"EWC.AX","ENERGY WLD FPO",0.415,-0.005,N/A
"ERJ.AX","ENERJI LTD FPO",N/A,+0.000,N/A
"EGG.AX","ENERO FPO",1.08,-0.01,N/A
"EGN.AX","ENGENCO FPO",0.220,+0.000,N/A
"EOR.AX","EN OIL GAS FPO",0.007,+0.000,N/A
"ENC.AX","ENICE CDI 1:1",0.33,+0.00,N/A
"EXO.AX","ENNOX GRP FPO",0.004,+0.000,N/A
"E88.AX","ENSOGO FPO",N/A,+0.00,N/A
"ENA.AX","ENSURANCE FPO",0.17,+0.00,N/A
"ETE.AX","ENTEK FPO",0.025,+0.000,N/A
"ENT.AX","ENT METALS FPO",0.033,+0.009,N/A
"EVM.AX","ENVMISSION FPO",N/A,+0.00,N/A
"ESI.AX","ENVIRON FPO",0.015,-0.001,N/A
"EGL.AX","ENVN GROUP FPO",0.03,+0.00,N/A
"EVS.AX","ENVIROSUIT FPO",0.074,+0.000,N/A
"ENZ.AX","ENZUMO FPO",0.099,+0.000,N/A
"EPT.AX","EPAT TECH FPO",0.028,+0.003,N/A
"EPA.AX","EPHRAIMRES FPO",N/A,+0.000,N/A
"EQT.AX","EQUITY TR FPO",17.70,-0.15,N/A
"EQU.AX","EQUATOR FPO",0.100,-0.002,N/A
"EQX.AX","EQUATORIAL FPO",0.50,+0.01,N/A
"EQE.AX","EQUUS LTD FPO",0.019,-0.001,N/A
"EPW.AX","ERM POWER FPO",1.17,-0.04,N/A
"ESE.AX","ESENSELAB CDI 1:1",0.37,+0.02,N/A
"ESV.AX","ESERV FPO",0.09,+0.00,N/A
"ESM.AX","ESPERANCE FPO",N/A,+0.000,N/A
"ESH.AX","ESPORTS FPO",0.018,+0.000,N/A
"EHE.AX","ESTIA HLTH FPO",3.10,-0.04,N/A
"ESR.AX","ESTRELLA R FPO",0.025,-0.001,N/A
"GOL.AX",N/A,N/A,N/A,N/A
"ESK.AX","ETHERSTACK CDI 1:1",0.22,+0.00,N/A
"EUM.AX","AUSMEX MINING GROUP LIMITED",N/A,+0.00,N/A
"EBG.AX","EUMUNDI FPO",0.93,+0.00,N/A
"EGH.AX","EUR GROUP FPO",0.390,+0.000,N/A
"EUR.AX","EUROLITH FPO",0.05,-0.00,N/A
"EMH.AX","EUROMETALS CDI 1:1",0.85,-0.05,N/A
"EZL.AX","EUROZ FPO",1.12,+0.02,N/A
"EVE.AX","EVE INVEST FPO",0.008,+0.000,N/A
"EVT.AX","EVEHOSPENT FPO",13.52,-0.01,N/A
"EVN.AX","EVOLUTION FPO",2.30,-0.07,N/A
"EVO.AX","EVOLVE EDU FPO NZX",N/A,-0.02,N/A
"EVZ.AX","EVZ LTD FPO",0.01,-0.00,N/A
"EXG.AX","EXCELSIOR FPO",0.045,+0.000,N/A
"EXU.AX","EXPLAURUM FPO",0.110,+0.000,N/A
"EXC.AX","EXTERRA FPO",0.038,+0.003,N/A
"EZA.AX","EZACORP FPO",N/A,+0.00,N/A
"FTT.AX","FACTOR TH FPO",0.061,-0.001,N/A
"FXJ.AX","FAIRFAX FPO",1.14,+0.07,N/A
"FZO.AX","FAMILYZONE FPO",0.27,-0.01,N/A
"FAR.AX","FAR FPO",0.082,+0.002,N/A
"FRM.AX","FARM PRIDE FPO",1.28,-0.01,N/A
"FFC.AX","FARMAFORCE FPO",0.170,+0.000,N/A
"FBR.AX","FASTBRICK FPO",0.10,-0.01,N/A
"FE8.AX","FAST ENTPR FPO",0.195,+0.005,N/A
"FPC.AX","FATGBLCONT FPO",1.25,+0.00,N/A
"FFG.AX","FATFISH FPO",0.025,+0.000,N/A
"FEL.AX","FE LIMITED FPO",0.03,+0.00,N/A
"FCR.AX","FERRUM FPO",0.002,+0.000,N/A
"FTZ.AX","FERTOZ FPO",0.120,-0.005,N/A
"FFI.AX","F.F.I.HOLD FPO",4.00,+0.00,N/A
"FID.AX","FIDUCIANGP FPO",4.28,+0.06,N/A
"FRI.AX","FINBAR FPO",0.80,+0.01,N/A
"FND.AX","FINDERS FPO",0.175,+0.000,N/A
"FGR.AX","FIRSTGRAPH FPO",0.10,-0.00,N/A
"FGF.AX","FIRSTGRO FPO",0.005,+0.000,N/A
"FMA.AX",N/A,N/A,N/A,N/A
"FCT.AX","FIRSTWAVE FPO",0.41,+0.00,N/A
"FPH.AX","F&P HEALTH FPO NZX",9.44,-0.11,N/A
"FZR.AX","FZRIVCORP FPO",0.17,+0.00,N/A
"FSI.AX","FLAGSHIP FPO",1.640,+0.000,N/A
"FWD.AX","FLEETWOOD FPO",2.05,+0.02,N/A
"FBU.AX","FLETBUILD FPO NZX",7.87,-0.04,N/A
"FXL.AX","FLEXIGROUP FPO",1.930,-0.015,N/A
"FRX.AX","FLEXIROAM FPO",0.094,+0.000,N/A
"FLT.AX","FLIGHT CTR FPO",36.00,+0.61,N/A
"FMS.AX","FLINDERS FPO",0.055,+0.001,N/A
"FML.AX","FOCUS MIN FPO",0.41,-0.00,N/A
"FET.AX","FLKSTN EDU UNIT",2.82,-0.01,N/A
"FLK.AX","FOLKESTONE FPO",1.03,-0.01,N/A
"FSF.AX","FONTERRA UNIT NZX",5.64,+0.01,N/A
"FOR.AX","FORAGER AU UNITS",2.03,-0.01,N/A
"4CE.AX","FORCECOM FPO",0.020,+0.000,N/A
"FRC.AX","FORTE CON FPO",0.040,+0.000,N/A
"FMG.AX","FORTESCUE FPO",4.73,-0.03,N/A
"FOY.AX","FOY GROUP FPO",N/A,+0.000,N/A
"FRN.AX","FRASERRANG FPO",0.021,+0.000,N/A
"FNP.AX","FREEDOMFGL FPO",4.35,-0.15,N/A
"FIG.AX","FREEDOMINS FPO",0.740,-0.010,N/A
"FDM.AX","FREEDOMOIL FPO",0.097,+0.000,N/A
"FHS.AX","FREHIL MIN FPO",0.12,+0.00,N/A
"FLN.AX","FREELANCER FPO",0.820,+0.035,N/A
"FRE.AX","FIELD SOLUTIONS HOLDINGS LIMITE",N/A,+0.00,N/A
"FCG.AX","FRONTR C G FPO",N/A,+0.00,N/A
"FDV.AX","FRONT D V FPO",0.54,+0.00,N/A
"FNT.AX","FRONTIER FPO",0.029,-0.001,N/A
"FSA.AX","FSA GROUP FPO",1.385,-0.005,N/A
"FUN.AX","FUNTASTIC FPO",0.007,-0.001,N/A
"FFT.AX","FUTURFIBRE FPO",0.10,-0.02,N/A
"FGG.AX","FUTURE GLB FPO",1.080,+0.010,N/A
"FGX.AX","FUTURE GEN FPO",1.125,+0.000,N/A
"FYI.AX","FYI RES FPO",0.040,+0.000,N/A
"GMV.AX","GMEDICAL FPO",0.160,+0.005,N/A
"GUD.AX","G.U.D. FPO",12.50,+0.34,N/A
"GEM.AX","G8 EDUCATE FPO",3.49,-0.01,N/A
"GRB.AX","GAGE ROADS FPO",0.034,-0.002,N/A
"GXY.AX","GALAXY RES FPO",0.495,+0.020,N/A
"GAP.AX","GALE PAC FPO",0.405,+0.000,N/A
"GLL.AX","GAL ENERGY FPO",0.13,-0.01,N/A
"GCM.AX","GARDA CAP STAPLED",0.95,+0.00,N/A
"GDF.AX","GARDA UNITS",1.105,-0.005,N/A
"GGX.AX","GAS2GRID FPO",0.004,+0.000,N/A
"GCY.AX","GASCOYNE FPO",0.51,+0.02,N/A
"GTY.AX","GATEWYLIFE STAPLED",2.23,-0.06,N/A
"GML.AX","GATEWAY FPO",N/A,+0.000,N/A
"GZL.AX","GAZAL FPO",2.40,+0.00,N/A
"GBX.AX","GB ENERGY FPO",0.016,-0.001,N/A
"GBM.AX","GBM GOLD FPO",0.01,+0.00,N/A
"GBZ.AX","GBMRESOURC FPO",0.015,+0.000,N/A
"GBT.AX","GBST HLDGS FPO",2.89,+0.01,N/A
"GDI.AX","GDI PROP STAPLED",1.05,-0.01,N/A
"GBI.AX","GENERA BIO FPO",0.170,+0.010,N/A
"GHC.AX","GEN HEALTH UNITS",2.31,+0.00,N/A
"GNE.AX","GENESIS NZ FPO NZX",2.14,+0.03,N/A
"GMD.AX","GEN MINS FPO",0.020,-0.001,N/A
"GES.AX","GENESISRES FPO",0.030,+0.000,N/A
"GSS.AX","GENETICSIG FPO",0.44,+0.00,N/A
"GTG.AX","GENE TECH FPO",0.01,+0.00,N/A
"GNX.AX","GENEXPOWER FPO",0.22,+0.00,N/A
"GTK.AX","GENTRACK FPO NZX",4.40,-0.05,N/A
"GMA.AX","GENWORTH FPO",3.01,-0.04,N/A
"GPR.AX","GEO PAC FPO",0.041,+0.000,N/A
"GSW.AX","GETSWIFT FPO",0.87,-0.01,N/A
"GID.AX","GIDYNAMICS CDI FORUS",0.06,-0.01,N/A
"GBG.AX","GINDALBIE FPO",0.018,-0.001,N/A
"GLA.AX","GLADIATOR FPO",0.004,+0.000,N/A
"GC1.AX","GLENNON FPO",0.945,+0.000,N/A
"GLE.AX","GLG CORP FPO",0.35,+0.00,N/A
"GCS.AX","GLOBAL CON FPO",0.56,-0.01,N/A
"GEV.AX","GLOBENEVEN FPO",0.200,-0.005,N/A
"GFI.AX","GFINVEST FPO",0.29,+0.00,N/A
"GSC.AX","GEOSCI FPO",0.175,+0.005,N/A
"GGH.AX","GLOBALGOLD FPO",0.06,+0.00,N/A
"GLH.AX","GLOBALHE FPO",0.370,+0.005,N/A
"GFL.AX","GBL MASTER FPO",1.97,-0.08,N/A
"GBP.AX","GLOBAL PET FPO",0.027,+0.000,N/A
"GVF.AX","GLOBALVAL FPO",1.100,-0.010,N/A
"GLB.AX","GLOBE INTL FPO",1.00,+0.00,N/A
"GBE.AX","GLOBE MET FPO",0.017,+0.000,N/A
"GME.AX","GME RES. FPO",0.075,-0.001,N/A
"GOE.AX","GO ENERGY FPO",N/A,+0.000,N/A
"GCN.AX","GOCONNECT FPO",N/A,+0.000,N/A
"GFY.AX","GODFREYS FPO",0.57,-0.04,N/A
"GMN.AX","GOLDMOUNTN FPO",0.100,+0.004,N/A
"GOR.AX","GOLDROAD FPO",0.675,-0.015,N/A
"GCR.AX","GOLD CROSS FPO",0.015,+0.000,N/A
"GED.AX","GOLD DEEP FPO",0.03,+0.00,N/A
"GMR.AX","GOLDEN RIM FPO",0.006,-0.001,N/A
"GMY.AX","GOLDFIELDS FPO",0.96,+0.00,N/A
"GSE.AX","GOLDSEARCH FPO",N/A,+0.000,N/A
"GDA.AX","GONDWANA FPO",N/A,+0.00,N/A
"GMG.AX","GOOD GROUP STAPLED",8.23,+0.03,N/A
"GMP.AX",N/A,N/A,N/A,N/A
"GOO.AX","GOOROO FPO",0.17,+0.00,N/A
"GOW.AX","GOWING BRS FPO",3.60,+0.03,N/A
"GPS.AX","GPS FPO",0.016,+0.000,N/A
"GPT.AX","GPT STAPLED",5.30,-0.03,N/A
"GNG.AX","GR ENGIN FPO",1.480,-0.015,N/A
"GNC.AX","GRAINCORP FPO",9.95,+0.27,N/A
"GGE.AX","GRAND GULF FPO",0.004,+0.000,N/A
"GBA.AX","GRANDBRIDG FPO",0.02,+0.00,N/A
"GRR.AX","GRANGE FPO",0.16,+0.00,N/A
"GPX.AX","GRAPHEX FPO",0.350,+0.015,N/A
"GRA.AX","GRAPHITECO FPO",0.80,-0.02,N/A
"GEG.AX","GRAYSECOM FPO",1.42,-0.07,N/A
"GBR.AX","GREATBOULD FPO",0.18,+0.00,N/A
"GTE.AX","GREAT WEST FPO",0.016,+0.000,N/A
"GXL.AX","GREENCROSS FPO",6.40,-0.01,N/A
"GGG.AX","GREENLAND FPO",0.10,+0.00,N/A
"GPP.AX","GREENPOWER FPO",0.026,-0.001,N/A
"GRV.AX","GREENVALE FPO",0.04,+0.00,N/A
"GOZ.AX","GROWTHPRO STAPLED",3.33,+0.00,N/A
"GTR.AX","GTI RES FPO",0.030,+0.000,N/A
"GTN.AX","GTNETWORK FPO",2.30,-0.05,N/A
"GLF.AX","GULF IND FPO",0.01,+0.00,N/A
"GMC.AX","GULFMANGA FPO",N/A,+0.000,N/A
"GUL.AX","GULLEWA FPO",0.024,+0.000,N/A
"GWA.AX","GWA GROUP FPO",3.15,-0.01,N/A
"GWR.AX","GWR GROUP FPO",0.065,+0.002,N/A
"HMX.AX","HAMMER FPO",0.045,+0.000,N/A
"HHM.AX","HAMPTON FPO",0.02,+0.00,N/A
"HNR.AX","HANNANS FPO",0.014,-0.001,N/A
"HSN.AX","HANSEN TEC FPO",3.52,-0.05,N/A
"HAO.AX","HAOMA FPO",0.140,-0.025,N/A
"HAR.AX","HARANGA GD FPO",0.003,+0.000,N/A
"HT8.AX","HARRIS FPO",0.08,+0.00,N/A
"HVN.AX","HARVEY FPO",3.94,-0.05,N/A
"HAS.AX","HASTTECH FPO",0.09,+0.00,N/A
"HAV.AX","HAVILAH FPO",0.55,-0.02,N/A
"HOG.AX","HAWKLEY FPO",N/A,+0.000,N/A
"HWK.AX","HAWKMINE FPO",0.015,+0.000,N/A
"HAW.AX","HAWTHORN FPO",0.032,+0.000,N/A
"HZR.AX","HAZERGROUP FPO",0.52,-0.01,N/A
"HSO.AX","HEALTHSCPE FPO",2.18,-0.05,N/A
"HMO.AX","HEARMEOUT FPO",0.092,+0.002,N/A
"HSK.AX","HEEMSKIRK FPO",0.075,+0.003,N/A
"HLX.AX","HELIX FPO",0.052,+0.002,N/A
"HLO.AX","HELLOWORLD FPO",4.20,-0.15,N/A
"HGG.AX","HEND GROUP CDI 1:1",4.29,+0.07,N/A
"HML.AX","HENRY MOR FPO",2.14,+0.01,N/A
"HBS.AX",N/A,N/A,N/A,N/A
"HRR.AX","HERON FPO",0.089,-0.001,N/A
"HXG.AX","HEXAGON FPO",0.16,+0.00,N/A
"HFA.AX","HFA HOLD FPO",2.30,-0.05,N/A
"HNG.AX","HGL LTD FPO",0.58,+0.02,N/A
"HHY.AX","HASTING HY ORD UNITS",0.10,+0.00,N/A
"HPR.AX","HIGH PEAK FPO",0.05,+0.00,N/A
"HFR.AX","HIGHFIELD FPO",1.050,-0.065,N/A
"HIG.AX","HIGHLANDS FPO 40T",0.064,+0.002,N/A
"HEG.AX","HILL END FPO",0.063,-0.001,N/A
"HGO.AX","HILLGROVE FPO",0.069,-0.001,N/A
"HIL.AX","HILLS FPO",0.205,-0.005,N/A
"HIT.AX","HITECH GRP FPO",0.60,+0.00,N/A
"HJB.AX","HJB CORP FPO",N/A,+0.000,N/A
"HCT.AX","HOLISTA FPO",0.15,+0.00,N/A
"HOM.AX","HOMELOANS FPO",0.43,+0.00,N/A
"HRN.AX","HORIZONGLD FPO",0.34,+0.00,N/A
"HZN.AX","HOR OIL FPO",0.057,+0.000,N/A
"HOR.AX","HORSESHOE FPO",0.029,+0.002,N/A
"HCH.AX","HOT CHILI FPO",0.03,+0.00,N/A
"HOT.AX","HOTCOPPER FPO",0.17,+0.00,N/A
"HPI.AX","HOTELPROP STAPLED",3.00,+0.01,N/A
"HRL.AX","HRLHOLDING FPO",0.082,-0.002,N/A
"HUB.AX","HUB24LTD FPO",5.14,-0.01,N/A
"HGL.AX","HUDSON INV FPO",0.042,+0.000,N/A
"HDX.AX","HUGHES_DRL FPO",N/A,+0.00,N/A
"HHV.AX","HHGLOVALUE FPO",1.15,-0.00,N/A
"HHL.AX","HUNTERHALL FPO",2.90,+0.07,N/A
"HRE.AX",N/A,N/A,N/A,N/A
"HUO.AX","HUON AQUA FPO",4.95,+0.00,N/A
"HTA.AX","HUTCHISON FPO",0.07,+0.00,N/A
"HCS.AX",N/A,N/A,N/A,N/A
"IS3.AX","ISYNERGY FPO",0.175,-0.010,N/A
"IAN.AX",N/A,N/A,N/A,N/A
"IB8.AX","IBOSSES FPO",0.40,+0.00,N/A
"IBN.AX","IBUYNEW FPO",0.005,+0.000,N/A
"ICI.AX","ICANDY FPO",0.070,-0.004,N/A
"ICQ.AX","ICAR ASIA FPO",0.28,-0.00,N/A
"ICT.AX","ICOLLEGE FPO",0.030,-0.002,N/A
"ICN.AX","ICONENERGY FPO",0.030,-0.001,N/A
"ICS.AX","ICSGLOBAL FPO",1.40,+0.00,N/A
"IDF.AX",N/A,N/A,N/A,N/A
"IDH.AX",N/A,N/A,N/A,N/A
"IDJ.AX",N/A,N/A,N/A,N/A
"IEL.AX","IEL FPO",4.68,-0.18,N/A
"IDT.AX","IDT AUST FPO",0.140,-0.005,N/A
"IKE.AX","IKE GPS FPO NZX",N/A,+0.00,N/A
"IKW.AX","IKWEZI FPO",0.007,+0.000,N/A
"ILU.AX","ILUKA RES FPO",8.50,+0.06,N/A
"IMI.AX","IM MEDICAL FPO",N/A,+0.000,N/A
"IMA.AX","IMAGE RES FPO",0.097,+0.000,N/A
"IMD.AX","IMDEX FPO",0.635,+0.015,N/A
"IMF.AX","IMFBENTHAM FPO",1.970,+0.005,N/A
"IMC.AX","IMMURON FPO",0.59,-0.04,N/A
"IPT.AX","IMPACT MIN FPO",0.017,+0.001,N/A
"IPD.AX","IMPEDIMED FPO",0.615,-0.025,N/A
"IPC.AX","IM PACIFIC FPO",1.05,+0.00,N/A
"IHL.AX","IMHEALTH FPO",0.052,+0.000,N/A
"IMU.AX","IMUGENE FPO",0.015,+0.001,N/A
"IAB.AX","INABOX GRP FPO",1.05,-0.01,N/A
"ICG.AX","INCA MINLS FPO",0.014,-0.003,N/A
"IPL.AX","INCITEC PV FPO",3.63,-0.01,N/A
"IOG.AX","INCRE OIL FPO",0.034,+0.000,N/A
"INK.AX","INDAGO FPO",0.10,+0.00,N/A
"IGO.AX","IND GROUP FPO",3.18,-0.03,N/A
"INF.AX","INDIA FUND LTD",N/A,+0.00,N/A
"IRL.AX","INDIA RES. FPO",N/A,+0.000,N/A
"IDA.AX","INDIANARES FPO",0.13,+0.01,N/A
"IDO.AX","INDO MINES FPO",N/A,+0.00,N/A
"IDC.AX","INDOCHINE FPO",N/A,+0.00,N/A
"IDZ.AX","INDSKYDIVE FPO",0.28,+0.00,N/A
"ICZ.AX","INDUS COAL FPO",N/A,+0.000,N/A
"IND.AX","INDUSENEGY FPO",N/A,+0.000,N/A
"IDR.AX","INDUSTRIA STAPLED",2.25,+0.00,N/A
"ICB.AX",N/A,N/A,N/A,N/A
"IFN.AX","INFIGEN STAPLED",0.94,-0.02,N/A
"IFM.AX","INFOMEDIA FPO",0.75,+0.02,N/A
"IFT.AX","INFRATIL FPO NZX",N/A,+0.00,N/A
"INA.AX","INGENIA STAPLED",2.70,-0.04,N/A
"ING.AX","INGHAMS FPO",3.19,-0.01,N/A
"IIL.AX","INNATE FPO",0.63,-0.06,N/A
"IAG.AX","INSUR.AUST FPO",6.38,-0.10,N/A
"IDX.AX","INTEG DIAG FPO",1.435,+0.015,N/A
"ITL.AX","INTMEDIA FPO",5.40,-0.10,N/A
"IP1.AX","INPAYTECH FPO",0.17,-0.01,N/A
"IRI.AX","INT RESRCH FPO",2.98,+0.00,N/A
"IRC.AX","INTERMIN FPO",0.105,+0.008,N/A
"IEQ.AX","INTER.EQ FPO",N/A,+0.000,N/A
"IFX.AX",N/A,N/A,N/A,N/A
"IGS.AX","INT GOLDFI FPO",N/A,+0.000,N/A
"IHS.AX","INTERPOSE FPO",0.031,+0.000,N/A
"IMG.AX",N/A,N/A,N/A,N/A
"IMX.AX",N/A,N/A,N/A,N/A
"IMQ.AX",N/A,N/A,N/A,N/A
"IMK.AX",N/A,N/A,N/A,N/A
"IMN.AX",N/A,N/A,N/A,N/A
"IMO.AX",N/A,N/A,N/A,N/A
"INB.AX",N/A,N/A,N/A,N/A
"INN.AX",N/A,N/A,N/A,N/A
"INH.AX",N/A,N/A,N/A,N/A
"IAM.AX","INTIGER FPO",0.04,+0.00,N/A
"IEC.AX","INTRA ENGY FPO",0.009,+0.001,N/A
"IAU.AX","INTREPID FPO",1.055,+0.025,N/A
"IVT.AX","INVENTIS FPO",0.018,+0.000,N/A
"IOF.AX","INVESTA STAPLED",4.73,-0.01,N/A
"IVR.AX","INVESTIGAT FPO",0.038,+0.000,N/A
"INV.AX","INVESTSGRP FPO",0.29,+0.00,N/A
"IVO.AX","INVIGORGRP FPO",0.016,+0.000,N/A
"IVX.AX","INVION FPO",0.003,+0.000,N/A
"IVQ.AX","INVITROCUE FPO",0.075,+0.000,N/A
"IVC.AX","INVOCARE FPO",15.20,+0.13,N/A
"IOD.AX","IODM FPO",0.011,+0.000,N/A
"IFL.AX","IOOF FPO",9.16,+0.02,N/A
"IOT.AX","IOTGROUP FPO",0.019,-0.001,N/A
"IPB.AX","IPB PET FPO",0.020,+0.000,N/A
"IPE.AX","IPE LTD FPO",0.12,-0.01,N/A
"IPH.AX","IPHLIMITED FPO",4.88,-0.14,N/A
"IQ3.AX","IQ3CORP FPO",0.31,+0.00,N/A
"IRE.AX","IRESS FPO",12.35,-0.05,N/A
"INM.AX","IRN MTN CDI 1:1",47.90,-0.45,N/A
"IRD.AX","IRON ROAD FPO",0.265,+0.000,N/A
"IBC.AX","IRONBARK FPO",0.51,+0.00,N/A
"IBG.AX","IRONB ZINC FPO",0.072,+0.002,N/A
"ISU.AX","ISELECT FPO",2.05,+0.00,N/A
"ISD.AX","ISENTIAGRP FPO",1.690,-0.060,N/A
"ICU.AX","ISENTRIC FPO",0.08,+0.00,N/A
"IAA.AX","ISHASIA50 CDI 1:1",N/A,+0.32,N/A
"IZZ.AX","ISHCHICAP CDI 1:1",53.10,+0.39,N/A
"IEU.AX","ISHEUROPE CDI 1:1",61.00,+0.57,N/A
"IOO.AX","ISGL100ETF CDI 1:1",115.00,+0.47,N/A
"IBK.AX","ISHMSBRIC CDI 1:1",52.20,+0.00,N/A
"IVE.AX","ISMSEAFE CDI 1:1",N/A,+0.23,N/A
"IEM.AX","ISHEMGMKT CDI 1:1",N/A,+0.18,N/A
"IHK.AX","ISHMSHK CDI 1:1",32.00,+0.09,N/A
"IJP.AX","ISHMSJAP CDI 1:1",72.00,+0.00,N/A
"ISG.AX","ISHMSINGA CDI 1:1",N/A,+0.18,N/A
"IKO.AX","ISHMCISK CDI 1:1",95.00,-0.05,N/A
"ITW.AX","ISHTAI CDI 1:1",47.00,+0.15,N/A
"IRU.AX","ISHRUSS CDI 1:1",N/A,-0.28,N/A
"IVV.AX","ISCS&P500 CDI 1:1",325.68,-0.01,N/A
"IJR.AX","ISCSMLCAP CDI 1:1",93.50,-0.31,N/A
"ISH.AX","ISHINE IRL FPO",0.017,+0.001,N/A
"ISX.AX","ISIGNTHIS FPO",0.155,+0.000,N/A
"ITD.AX","ITL LTD FPO",0.62,+0.00,N/A
"IGL.AX","IVEGROUP FPO",2.29,-0.05,N/A
"JIP.AX","JACKINGRP CDI 1:1",N/A,+0.00,N/A
"JKA.AX","JACKA RES FPO",0.004,+0.000,N/A
"JHX.AX","J HARDIE CDI 1:1",22.30,-0.02,N/A
"JAL.AX","JAMESON FPO",0.105,-0.005,N/A
"JHC.AX","JAPARA FPO",2.15,-0.04,N/A
"JAT.AX","JATENERGY FPO",0.015,+0.000,N/A
"JHL.AX","JAYEX FPO",0.02,+0.00,N/A
"JBH.AX","JB HI-FI FPO",23.81,-0.22,N/A
"JCI.AX","JC INTERN FPO",0.87,-0.00,N/A
"JCS.AX","JCURVE FPO",0.015,+0.000,N/A
"JRV.AX","JERVOIS FPO",0.064,+0.000,N/A
"JJF.AX","JIAJIAFU FPO",0.23,+0.00,N/A
"JRL.AX","JINDALEE FPO",0.28,+0.01,N/A
"JYC.AX","JOYCE FPO",1.73,+0.00,N/A
"JIN.AX","JUMBO INT FPO",2.82,+0.07,N/A
"JPR.AX","JUPITERENG FPO",0.25,+0.00,N/A
"JKL.AX","JUST KAP FPO",0.220,+0.000,N/A
"JVG.AX","JV GLOBAL FPO",0.002,+0.000,N/A
"KSC.AX","K & S CORP FPO",1.65,-0.02,N/A
"KAM.AX","KASSET MGT FPO",0.30,-0.01,N/A
"KTE.AX","K2 ENERGY FPO",0.016,+0.000,N/A
"K2F.AX","K2FLYTD FPO",0.11,+0.00,N/A
"KAB.AX","KABOKO LTD FPO",N/A,+0.000,N/A
"KBU.AX","KABUNI FPO",0.010,+0.002,N/A
"KLR.AX","KAILIRESOU FPO 125C",0.040,+0.000,N/A
"KIK.AX","KAIRIKI FPO",N/A,+0.000,N/A
"KAI.AX","KAIROS FPO",0.022,+0.000,N/A
"KZR.AX","KALAMAZOO FPO",0.135,+0.000,N/A
"KPO.AX","KALINA FPO",0.062,+0.002,N/A
"KLL.AX","KALIUMLAKE FPO",0.41,+0.00,N/A
"KGM.AX","KNORTHGOLD FPO",0.017,+0.000,N/A
"KPT.AX","KANGISLAND FPO",2.08,+0.04,N/A
"KRL.AX","KANGAROO FPO",0.039,+0.000,N/A
"KAR.AX","KAROON FPO",1.47,+0.03,N/A
"KAS.AX","KASBAH RES FPO",0.02,-0.00,N/A
"KAT.AX","KATANA FPO",0.73,+0.00,N/A
"KMD.AX","KATHMANDU FPO",1.95,-0.02,N/A
"KPC.AX","KAZPTCORP FPO",0.047,+0.000,N/A
"KBL.AX","KBL MINING FPO",N/A,+0.000,N/A
"KEY.AX","KEY PETROL FPO",0.008,+0.001,N/A
"KBC.AX","KEYBRIDGE FPO",0.12,+0.00,N/A
"KFW.AX",N/A,N/A,N/A,N/A
"KGL.AX","KGL FPO",0.375,-0.040,N/A
"KNL.AX","KIBARAN FPO",0.165,+0.005,N/A
"KDR.AX","KIDMAN FPO",0.40,+0.03,N/A
"KIN.AX","KIN MINING FPO",0.420,-0.005,N/A
"KPL.AX","KINAPETROL FPO",0.11,+0.00,N/A
"KSL.AX","KINA FPO",0.93,-0.02,N/A
"KKO.AX","KINETIKO FPO",0.035,+0.000,N/A
"KIS.AX","KING ISLND FPO",0.047,+0.000,N/A
"KRC.AX","KING RIVER FPO",0.006,+0.000,N/A
"KIG.AX",N/A,N/A,N/A,N/A
"KFG.AX","KING HMTXT FPO",N/A,+0.00,N/A
"KCN.AX","KINGSGATE FPO",0.215,+0.010,N/A
"KLO.AX","KINGSLAND CDI 1:1",0.19,+0.00,N/A
"KRM.AX","KINGSROSE FPO",N/A,+0.00,N/A
"KSN.AX","KINGSTON FPO",0.019,+0.001,N/A
"KME.AX","KIPMCGRATH FPO",0.350,+0.000,N/A
"KNM.AX","KNEOMEDIA FPO",0.015,+0.001,N/A
"KNO.AX","KNOSYS FPO",0.140,-0.005,N/A
"KGN.AX","KOGAN.COM FPO",1.55,-0.05,N/A
"KFE.AX","KOGIRON FPO",0.020,+0.000,N/A
"KKL.AX","KOLLAKORN FPO",0.006,+0.000,N/A
"KKT.AX","KONEKT FPO",0.62,+0.00,N/A
"KNH.AX","KOON HLDGS CDI 1:1",0.120,+0.000,N/A
"KOR.AX","KORAB RES FPO",0.018,-0.001,N/A
"K2P.AX","KOREPOTASH FPO",0.18,+0.00,N/A
"KOP.AX",N/A,N/A,N/A,N/A
"KOV.AX","KORVEST FPO",2.54,-0.01,N/A
"KTA.AX","KRAKATOA FPO",0.035,+0.000,N/A
"KRS.AX","KRESTA FPO",0.155,+0.000,N/A
"KGD.AX","KULA FPO",0.03,+0.00,N/A
"KYK.AX","KYCKRLIMIT FPO",0.185,+0.015,N/A
"LSA.AX","LACHLAN FPO",N/A,+0.000,N/A
"LCR.AX","LACONIA FPO",0.030,+0.000,N/A
"LKE.AX","LAKE RES FPO",0.05,+0.00,N/A
"LKO.AX","LAKES OIL FPO",0.002,+0.000,N/A
"LHM.AX","LAND&HOME FPO",0.042,+0.000,N/A
"LMW.AX","LANDMARK FPO",0.63,-0.01,N/A
"LNY.AX","LANEWAY FPO",0.004,-0.001,N/A
"LGR.AX","LANKA GPHT FPO",0.065,+0.000,N/A
"LTN.AX","LANT HOTEL STAPLED",0.013,+0.000,N/A
"LAM.AX","LARAMIDE CDI 1:1",0.49,+0.00,N/A
"LBL.AX","LASERBOND FPO",0.14,-0.01,N/A
"LAA.AX","LAT AM FPO",0.125,-0.010,N/A
"LRS.AX","LATRES FPO",0.006,+0.000,N/A
"LCD.AX","LATCONSOLD FPO",0.027,+0.000,N/A
"LMG.AX","LATROBE FPO",0.018,+0.000,N/A
"LSN.AX","LAW GOLD FPO",0.07,+0.00,N/A
"LBT.AX","LABTECH FPO",0.32,+0.00,N/A
"LER.AX","LEAF RESO FPO",0.11,-0.01,N/A
"LEX.AX","LEFROYEXP FPO 50CUS",0.17,+0.00,N/A
"LCY.AX","LEGACYIRON FPO",0.004,+0.000,N/A
"LGD.AX","LEGENDCORP FPO",0.185,+0.000,N/A
"LEG.AX","LEGEND FPO",0.013,+0.001,N/A
"LCK.AX","LEIGHCREEK FPO",0.14,+0.00,N/A
"LLC.AX","LEND LEASE STAPLED",16.50,-0.08,N/A
"LPD.AX","LEPIDICO FPO",0.013,+0.000,N/A
"LRL.AX",N/A,N/A,+0.000,N/A
"LFC.AX","LIFE CORP FPO",0.012,+0.000,N/A
"LHC.AX","LIFEHEALTH FPO",2.08,-0.02,N/A
"LSH.AX","LIFESPOT FPO",0.20,+0.01,N/A
"LIC.AX","LIFESTYLE FPO",4.00,+0.02,N/A
"LML.AX","LINCOLN FPO",0.045,+0.000,N/A
"LIN.AX","LINDIAN FPO",0.017,+0.000,N/A
"LAU.AX","LINDSAY AU FPO",0.38,+0.00,N/A
"LNU.AX","LINIUSTECH FPO",0.046,+0.000,N/A
"LNK.AX","LINK ADMIN FPO",7.99,+0.04,N/A
"LIO.AX","LION ENE FPO",0.05,+0.01,N/A
"LLO.AX","LION ONE CDI 1:1",0.730,+0.000,N/A
"LSX.AX","LION SELCT FPO",0.470,+0.000,N/A
"LHB.AX","LIONHUB FPO",0.100,+0.000,N/A
"LTR.AX","LIONTOWN FPO",0.013,+0.000,N/A
"LNG.AX","LNG LTD FPO",0.70,+0.00,N/A
"LIT.AX","LITHIUMAUS FPO",0.105,+0.005,N/A
"LI3.AX","LCME FPO",0.14,-0.01,N/A
"LPI.AX","LITHPOWINT FPO",0.315,-0.005,N/A
"LCA.AX","LITIGATCAP FPO",0.53,+0.00,N/A
"LVH.AX","LIVEHIRE FPO",0.48,-0.01,N/A
"LVT.AX","LIVETILES FPO",0.24,+0.02,N/A
"LCT.AX","LIV CELL FPO",0.12,+0.00,N/A
"LCG.AX","LIVINGCITI FPO",N/A,+0.00,N/A
"LPE.AX","LPEHOLDING FPO",0.025,+0.000,N/A
"LSR.AX","LODESTAR FPO",0.01,+0.00,N/A
"LCM.AX","LOGICAMMS FPO",0.30,+0.00,N/A
"LCE.AX","LOND CITY FPO",N/A,+0.00,N/A
"LGO.AX","LONGREACH FPO",0.006,-0.001,N/A
"LOV.AX","LOVISA FPO",3.99,+0.03,N/A
"LOM.AX","LUCAPA FPO",0.32,+0.00,N/A
"LGM.AX","LUIRI GOLD COMMON",N/A,+0.000,N/A
"LWP.AX","LWPTECH FPO",0.001,+0.000,N/A
"LYL.AX","LYCOPODIUM FPO",3.15,+0.00,N/A
"LYC.AX","LYNAS FPO",0.082,+0.003,N/A
"MLD.AX","MACALTD FPO",1.67,-0.03,N/A
"MMM.AX",N/A,N/A,N/A,N/A
"M7T.AX","MACH7 FPO",0.25,+0.01,N/A
"MAH.AX","MACMAHON FPO",0.16,+0.00,N/A
"MRP.AX","MAC RES FPO",0.23,+0.00,N/A
"MQA.AX","MACQ ATLAS STAPLED",5.65,-0.02,N/A
"MBL.AX",N/A,N/A,N/A,N/A
"MQG.AX","MACQ GROUP FPO",92.00,-0.79,N/A
"MRN.AX","MACQMEDIA FPO",1.09,+0.00,N/A
"MAQ.AX","MA TELECOM FPO",13.20,+0.20,N/A
"MFG.AX","MAG FINC FPO",25.60,+0.35,N/A
"MAG.AX","MAGMATIC RESOURCES LTD",N/A,+0.00,N/A
"MAU.AX","MAGNET RES FPO",0.100,+0.000,N/A
"MGT.AX","MAGNETITE FPO",0.042,+0.000,N/A
"MNS.AX","MAGNIS RES FPO",0.590,-0.020,N/A
"MPE.AX","MAGNUM GPL FPO",N/A,+0.000,N/A
"MGU.AX","MAG MINING FPO",0.060,+0.005,N/A
"MGL.AX","MAGONTEC FPO",0.038,-0.001,N/A
"MAI.AX","MAINSTREAM FPO",0.50,+0.00,N/A
"MHH.AX",N/A,N/A,N/A,N/A
"MAR.AX","MALACHITE FPO",0.004,+0.000,N/A
"MGP.AX","MANACCHOLD FPO",N/A,+0.017,N/A
"MTL.AX","MANALTO FPO",0.018,-0.001,N/A
"MSR.AX","MANASRES FPO",0.005,+0.001,N/A
"MDD.AX","MANDALONG FPO",N/A,+0.000,N/A
"MHC.AX","MANHATTAN FPO",0.039,+0.000,N/A
"MNM.AX","MANTLEMIN FPO",0.008,+0.001,N/A
"MTR.AX","MANTRA GRP FPO",2.98,-0.05,N/A
"MEY.AX","MARENICA FPO",0.240,+0.000,N/A
"MTM.AX","MARETERRAM FPO",0.28,+0.00,N/A
"MZN.AX","MARINDI FPO",0.01,-0.00,N/A
"MCX.AX","MARINERCOR FPO",0.044,+0.000,N/A
"MEU.AX","MARMOTA FPO",0.014,+0.000,N/A
"MQR.AX","MARQUEE FPO",0.200,+0.000,N/A
"MJP.AX","MARTIN AIR FPO NZ",0.09,+0.00,N/A
"MYE.AX","MASTERMYNE FPO",0.32,+0.00,N/A
"MZZ.AX","MATADOR FPO",0.23,+0.00,N/A
"MCE.AX","MATRIX CE FPO",0.54,+0.00,N/A
"MAT.AX","MATSA RES FPO",0.235,+0.010,N/A
"MXR.AX","MAXIMUS FPO",0.002,+0.000,N/A
"MXI.AX","MAXITRANS FPO",0.69,+0.00,N/A
"MSP.AX","MAXSEC FPO",0.032,+0.001,N/A
"MFD.AX","MAYFIELD FPO",1.15,-0.02,N/A
"MYX.AX","M PHARMA FPO",1.130,-0.050,N/A
"MCS.AX","MCALEESE FPO",N/A,+0.000,N/A
"MEA.AX","MCGRATH FPO",0.595,-0.005,N/A
"MMS.AX","MCMILLAN FPO",14.01,+0.31,N/A
"MCP.AX","MCPHERSON FPO",1.25,-0.04,N/A
"MSG.AX","MCSSERVICE FPO",0.027,+0.000,N/A
"MMR.AX","MEC RES FPO",0.025,+0.000,N/A
"MDR.AX","MEDADVISOR FPO",0.03,+0.00,N/A
"MBJ.AX",N/A,N/A,N/A,N/A
"MDZ.AX",N/A,N/A,N/A,N/A
"MPZ.AX",N/A,N/A,N/A,N/A
"MZB.AX",N/A,N/A,N/A,N/A
"MZA.AX",N/A,N/A,N/A,N/A
"MZC.AX",N/A,N/A,N/A,N/A
"MZF.AX",N/A,N/A,N/A,N/A
"MZT.AX",N/A,N/A,N/A,N/A
"MPL.AX","MEDIBANK FPO",2.98,-0.01,N/A
"MEB.AX","MEDIBIOLTD FPO",0.34,-0.00,N/A
"MLA.AX","MEDICAL AU FPO",0.064,+0.000,N/A
"MVP.AX","MEDICALDEV FPO",4.88,+0.04,N/A
"MGZ.AX","MEDIGARD FPO",0.03,+0.00,N/A
"MDC.AX","MEDLAB FPO",0.815,+0.005,N/A
"MML.AX","MEDUSA FPO",0.35,+0.00,N/A
"MP1.AX","MEGAPORT FPO",2.12,-0.05,N/A
"MJC.AX","MEJORITY FPO",0.02,-0.00,N/A
"MAY.AX","MELBANA FPO",0.020,-0.001,N/A
"MLB.AX","MELB IT FPO",2.45,+0.02,N/A
"MEM.AX","MEMPHASYS FPO",0.002,-0.001,N/A
"MVT.AX","MERC INV FPO",0.160,+0.000,N/A
"MHI.AX","MERCHANT FPO 1C",0.205,+0.000,N/A
"MCY.AX","MERCURY NZ FPO NZX",3.00,+0.00,N/A
"MEZ.AX","MERIDIAN FPO NZX",2.78,+0.00,N/A
"MED.AX","MERLIN FPO",0.013,+0.000,N/A
"MAS.AX","MESA MINS FPO",N/A,+0.000,N/A
"MSB.AX","MESOBLAST FPO",2.48,-0.14,N/A
"MBK.AX","METAL BANK FPO",0.023,+0.000,N/A
"MCT.AX","METALICITY FPO",0.049,+0.000,N/A
"MLM.AX","METALLICA FPO",0.059,+0.000,N/A
"MNE.AX","METALLUM FPO",0.02,+0.00,N/A
"MLS.AX","METALS AUS FPO",0.005,+0.000,N/A
"MLX.AX","METALS X FPO",0.670,+0.000,N/A
"MTC.AX","METALSTECH FPO",0.20,+0.01,N/A
"MTS.AX","METCASHLTD FPO",2.16,-0.12,N/A
"MEI.AX","METEORIC FPO",0.015,+0.000,N/A
"MEL.AX","METGASCO FPO",0.045,+0.003,N/A
"MEQ.AX","METLIFE FPO NZX",N/A,+0.00,N/A
"MNC.AX","METMINCO FPO",0.059,-0.004,N/A
"MMI.AX","METROMININ FPO",0.140,+0.000,N/A
"MPP.AX","METROPERF FPO NZX",1.540,+0.000,N/A
"MFF.AX","MFFCAPITAL FPO",1.930,-0.010,N/A
"MGC.AX","MG UNIT UNITS",0.98,-0.03,N/A
"MXC.AX","MGC PHARMA FPO",0.06,-0.00,N/A
"MWR.AX","MGM WIRE FPO",0.55,+0.00,N/A
"MHM.AX","MHM METALS FPO",N/A,+0.000,N/A
"MHJ.AX","MICHAELHLL FPO",1.100,-0.040,N/A
"MX1.AX","MICRO-X FPO",0.41,+0.00,N/A
"MDI.AX","MIDDLE ISL FPO",0.025,+0.000,N/A
"MWY.AX","MIDWAY FPO",2.44,-0.02,N/A
"MIG.AX","MIGME LTD FPO",N/A,+0.000,N/A
"MOY.AX","MILLENNIUM FPO",0.200,-0.010,N/A
"MIL.AX","MIL-SG FPO",1.68,+0.00,N/A
"MAX.AX","MILLINIUM UNIT",5.40,+0.00,N/A
"MLT.AX","MILTON FPO",4.49,+0.01,N/A
"MNB.AX","MINBOS RES FPO",0.007,+0.000,N/A
"MCR.AX","MINCOR FPO",0.17,-0.00,N/A
"MDX.AX","MINDAX FPO",0.01,+0.00,N/A
"MIZ.AX","MINERA FPO",N/A,+0.000,N/A
"MRC.AX","MIN.COMMOD FPO",0.12,+0.00,N/A
"MDL.AX","MINDEPOSIT FPO",0.53,+0.00,N/A
"MIN.AX","MINERALRES FPO",9.58,-0.13,N/A
"MEP.AX","MIN EX FPO",0.08,-0.00,N/A
"MRR.AX","MINREXRES FPO",0.099,+0.000,N/A
"MNW.AX","MINT PAYM FPO",0.076,+0.001,N/A
"MLI.AX","MINTAILS FPO",N/A,+0.00,N/A
"MIR.AX","MIRRABOOKA FPO",2.56,+0.00,N/A
"MGR.AX","MIRVAC GRP STAPLED",2.27,-0.01,N/A
"MBT.AX","MISSIONNEW FPO",N/A,+0.000,N/A
"MSV.AX","MITCH SERV FPO",0.034,+0.001,N/A
"MTH.AX","MITHRIL FPO",0.005,+0.000,N/A
"MUA.AX","MITULA FPO",0.87,+0.00,N/A
"MRM.AX","MMAOFFSHOR FPO",0.225,+0.005,N/A
"MMG.AX","MMG CDI 1:10",N/A,+0.00,N/A
"MMJ.AX","MMJ PHYTO FPO",0.38,+0.00,N/A
"MIH.AX","MNC INVEST CDI FORUS",3.40,+0.00,N/A
"MNF.AX","MNFGROUP FPO",4.40,-0.08,N/A
"MBO.AX","MOBILARM FPO",N/A,+0.000,N/A
"MBE.AX","MOBEMBRACE FPO",0.050,+0.000,N/A
"MOB.AX","MOBILICOM FPO",0.185,+0.000,N/A
"MOD.AX","MODRES FPO",0.057,+0.003,N/A
"MOE.AX","MOELISAUS FPO",3.13,-0.01,N/A
"MKB.AX","MOKO MEDIA FPO",N/A,+0.000,N/A
"MPO.AX","MOLOPO FPO",0.16,+0.01,N/A
"MOL.AX","MOLY MINES FPO",N/A,+0.000,N/A
"MND.AX","MONADEL FPO",12.65,+0.07,N/A
"MA1.AX","MON AB INV FPO",0.82,+0.00,N/A
"MVF.AX","MONASH IVF FPO",1.92,-0.07,N/A
"MOX.AX","MONAX FPO",0.010,+0.001,N/A
"MNY.AX","MONEY3 FPO",1.515,+0.065,N/A
"MZM.AX","MONTEZUMA FPO",0.14,+0.00,N/A
"MRV.AX","MORETON FPO",0.012,+0.000,N/A
"MEC.AX","MORPHICEEF FPO",1.12,-0.03,N/A
"MOC.AX","MORTCHOICE FPO",2.32,-0.03,N/A
"MOT.AX","MOTOPIA FPO",0.040,+0.000,N/A
"MTO.AX","MOTORCYCLE FPO",4.00,-0.05,N/A
"MTB.AX","MT BURGESS FPO",0.007,+0.000,N/A
"MGX.AX","MT GIBSON FPO",0.300,-0.005,N/A
"MRD.AX","MOUNT RID FPO",0.016,+0.000,N/A
"MRQ.AX","MRG METALS FPO",0.013,+0.001,N/A
"MSM.AX","MSM CORP FPO",0.23,+0.00,N/A
"MXU.AX",N/A,N/A,N/A,N/A
"MSI.AX","MULTISTACK FPO",0.02,+0.00,N/A
"MCH.AX","MURCHISON FPO",0.20,+0.00,N/A
"MCA.AX","MURRAY COD FPO",0.060,+0.000,N/A
"MRG.AX","MRORGANICS FPO",0.63,+0.01,N/A
"MGV.AX","MUSGRAVE FPO",0.09,+0.00,N/A
"MUS.AX","MUSTANG FPO",0.043,+0.006,N/A
"MPX.AX","MUSTERA FPO",0.29,+0.00,N/A
"MYR.AX","MYER FPO",0.920,-0.030,N/A
"MYQ.AX","MYFIZIQ FPO",0.070,+0.000,N/A
"MYO.AX","MYOB GROUP FPO",3.68,-0.08,N/A
"MYS.AX","MYSTATE FPO",4.78,-0.05,N/A
"MZI.AX","MZI RES FPO",0.22,-0.00,N/A
"N1H.AX","N1HOLDINGS FPO",0.175,+0.000,N/A
"NAG.AX","NAGAMBIE FPO",0.063,+0.000,N/A
"NAM.AX","NAMOI COT CCU",0.42,-0.04,N/A
"NAN.AX","NANOSONICS FPO",3.10,-0.06,N/A
"NAC.AX","NAOSABSOPP FPO",1.08,+0.00,N/A
"NCC.AX","NAOS EMERG FPO",1.340,+0.000,N/A
"NAB.AX","NAT. BANK FPO",32.68,+0.31,N/A
"NAF.AX",N/A,N/A,N/A,N/A
"NAO.AX",N/A,N/A,N/A,N/A
"NAH.AX",N/A,N/A,N/A,N/A
"NAJ.AX",N/A,N/A,N/A,N/A
"NRM.AX",N/A,N/A,N/A,N/A
"NSR.AX","NSREIT STAPLED",1.485,-0.015,N/A
"NVL.AX","NATVETCARE FPO",2.56,-0.07,N/A
"NML.AX","NAVARRE FPO",0.039,-0.001,N/A
"NAV.AX","NAVIGATOR FPO",N/A,+0.000,N/A
"NVT.AX","NAVITAS FPO",4.65,+0.01,N/A
"NEA.AX","NEARMAP FPO",0.47,-0.02,N/A
"NES.AX","NELSON RESOURCES LTD",N/A,+0.00,N/A
"NXR.AX","NEMEX RESO FPO",N/A,+0.00,N/A
"NMT.AX","NEOMETALS FPO",0.265,+0.000,N/A
"NMS.AX","NEPTUNE FPO",1.00,-0.14,N/A
"NCL.AX","NETCENTRIC CDI 1:1",0.06,+0.00,N/A
"NTC.AX","NETCOMM FPO",1.600,+0.090,N/A
"NET.AX","NETLINKZ FPO",N/A,+0.000,N/A
"NEU.AX","NEUREN FPO NZ",0.067,-0.001,N/A
"NTI.AX","NEUROTECH FPO",0.25,+0.03,N/A
"NAE.AX","NEW AGE FPO",0.014,+0.000,N/A
"NGE.AX","NGENERGY FPO",0.43,+0.00,N/A
"NHC.AX","NEW HOPE FPO",1.810,-0.065,N/A
"NHO.AX","NEWHORIZON FPO",N/A,+0.000,N/A
"NSE.AX","NS ENERGY FPO",0.005,+0.000,N/A
"NTL.AX","NEWTALISMN FPO NZ",0.006,+0.000,N/A
"NZK.AX","NZKSALMON FPO NZX",1.32,+0.00,N/A
"NCM.AX","NEWCREST FPO",20.49,-0.24,N/A
"NWF.AX","NEWFIELD FPO",0.43,+0.00,N/A
"NWS.AX","NEWS CORP B VOTING",18.50,+0.08,N/A
"NWZ.AX","NEWZULU FPO",0.002,+0.000,N/A
"NME.AX","NEX METALS FPO",0.028,+0.000,N/A
"NXT.AX","NEXTDC FPO",4.40,+0.07,N/A
"NXM.AX","NEXUS MINS FPO",0.085,+0.001,N/A
"NHF.AX","NIBHOLDING FPO",6.22,-0.03,N/A
"NCK.AX","NICK SCALI FPO",7.30,-0.18,N/A
"NIO.AX","NICKELORE FPO",N/A,+0.000,N/A
"NDO.AX","NIDO PETRO FPO",0.097,+0.000,N/A
"NEC.AX","NINE ENT FPO",1.34,-0.03,N/A
"NIU.AX","NIUMINCO FPO",0.003,+0.000,N/A
"NKP.AX","NKWE COMMON",N/A,+0.000,N/A
"NMG.AX","NOBLEMIN FPO",0.009,+0.000,N/A
"NMM.AX","NOBLEMET FPO",N/A,+0.000,N/A
"NBL.AX","NONI B FPO",1.64,+0.02,N/A
"NIB.AX",N/A,N/A,N/A,N/A
"NTU.AX","NTH MINS FPO",0.12,-0.01,N/A
"NMI.AX","NORTHMIN FPO",0.014,+0.000,N/A
"NST.AX","NTH STAR FPO",4.64,-0.03,N/A
"NWE.AX","NORWEST FPO",0.004,+0.000,N/A
"NOR.AX","NORWOOD FPO",0.018,+0.000,N/A
"NOE.AX","NOVARISE FPO",N/A,+0.00,N/A
"NOV.AX","NOVATTI FPO",0.16,-0.01,N/A
"NHL.AX","NOVITA H FPO",0.027,+0.001,N/A
"NRT.AX","NOVOGEN FPO",0.050,+0.000,N/A
"NOX.AX","NOXOPHARM FPO",0.30,+0.00,N/A
"NWH.AX","NRWHOLDLTD FPO",0.55,-0.01,N/A
"NSL.AX","NSL CONSOL FPO",0.03,+0.00,N/A
"NSX.AX","NSX LTD FPO",0.31,+0.00,N/A
"NTM.AX","NMANGANSES FPO",0.064,-0.003,N/A
"NCR.AX","NUCOAL FPO",0.006,+0.000,N/A
"NGY.AX","NUENERGY FPO",0.035,-0.014,N/A
"NFN.AX",N/A,N/A,N/A,N/A
"NUF.AX","NUFARM FPO",9.95,+0.02,N/A
"NUH.AX","NUHEARA FPO",0.076,+0.000,N/A
"NVO.AX","NVOI LTD FPO",0.050,+0.000,N/A
"NYO.AX","NYOTA MIN FPO",N/A,+0.000,N/A
"NZM.AX","NZME LTD FPO NZX",0.78,-0.01,N/A
"NZC.AX","NZURICOPP FPO",0.23,-0.01,N/A
"OKJ.AX","OAKAJEE FPO",N/A,+0.00,N/A
"OAR.AX","OAKDALE FPO",0.06,+0.00,N/A
"OBJ.AX","OBJ LTD FPO",0.058,+0.000,N/A
"OCL.AX","OBJECTIVE FPO",2.24,-0.03,N/A
"OGC.AX","OCEANAGOLD CDI 1:1",4.45,+0.06,N/A
"OCP.AX","OCEANIA CP FPO",2.15,+0.00,N/A
"OGH.AX","OCHRE GRP FPO",N/A,+0.000,N/A
"OXX.AX","OCTANEX FPO",0.085,+0.005,N/A
"ODN.AX","ODIN ENG FPO",N/A,+0.00,N/A
"ODY.AX","ODYSSEY FPO",0.069,+0.000,N/A
"OFX.AX","OZFOREX FPO",1.45,-0.02,N/A
"OBL.AX","OIL BASINS FPO",0.005,+0.000,N/A
"OSH.AX","OIL SEARCH FPO 10T",7.40,+0.10,N/A
"OEX.AX","OILEX LTD FPO",0.007,+0.001,N/A
"OKU.AX","OKLO RES FPO",0.240,-0.005,N/A
"OLH.AX","OLDFIELD H FPO",0.040,-0.005,N/A
"OMH.AX","OM HLDNGS FPO 10C",0.140,-0.025,N/A
"OMT.AX","OMNIMARKET DEF SET",N/A,+0.00,N/A
"OSL.AX","ONCOSIL FPO",0.120,-0.015,N/A
"1AL.AX","ONEALL FPO",0.95,+0.00,N/A
"ONE.AX","ONEVIEW CDI 1:1",4.95,-0.08,N/A
"OVH.AX","ONEVUEHOLD FPO",0.595,+0.000,N/A
"OTR.AX","ONTERRAN FPO",N/A,+0.000,N/A
"OML.AX","OOHMEDIA FPO",4.75,-0.13,N/A
"OOK.AX","OOKAMI LTD FPO",0.016,+0.000,N/A
"OPN.AX","OPENDNA FPO",0.150,+0.000,N/A
"OPT.AX","OPTHEA FPO",0.90,-0.03,N/A
"OIL.AX","OPTISCAN FPO",0.120,+0.005,N/A
"OPG.AX","OPUS GRP FPO",0.515,-0.005,N/A
"OEC.AX","ORBITAL FPO",0.47,+0.00,N/A
"OGY.AX","ORCAENERGY FPO",N/A,+0.000,N/A
"ORR.AX","ORECORP FPO",0.44,+0.00,N/A
"ORH.AX","ORH FPO",N/A,+0.000,N/A
"ORI.AX","ORICA FPO",19.30,+0.60,N/A
"OTI.AX","ORIEN TECH FPO",0.009,+0.000,N/A
"ORG.AX","ORIGIN ENE FPO",7.79,+0.07,N/A
"OGX.AX","ORINOCO FPO",0.051,+0.000,N/A
"OEQ.AX","ORION EQ FPO",0.20,+0.00,N/A
"ORN.AX","ORION GOLD FPO",0.024,+0.000,N/A
"OHE.AX","ORIONHEALT FPO NZX",1.29,+0.00,N/A
"ORM.AX","ORION MET FPO",0.039,+0.000,N/A
"OVL.AX","OROVERDE FPO",0.01,-0.00,N/A
"ORE.AX","OROCOBRE FPO",3.49,-0.10,N/A
"ORA.AX","ORORA FPO",2.89,-0.01,N/A
"ORL.AX","OROTON FPO",1.38,+0.00,N/A
"OEG.AX","ORPHEUS FPO",N/A,+0.00,N/A
"OCC.AX","ORTHOCELL FPO",0.41,+0.00,N/A
"OSP.AX","OSPREY MED CDI FORUS",0.415,+0.000,N/A
"OLV.AX","OTH LEVELS FPO",0.03,+0.00,N/A
"OEL.AX","OTTOENERGY FPO",0.029,+0.000,N/A
"OVN.AX","OVENTUS FPO",0.430,+0.000,N/A
"OTW.AX","OTW HLDING FPO",1.98,+0.00,N/A
"OVR.AX","OVERLAND FPO",0.008,+0.002,N/A
"OZL.AX","OZMINER FPO",6.50,-0.16,N/A
"OZG.AX","OZGROWTH FPO",0.16,+0.00,N/A
"OZT.AX",N/A,N/A,+0,N/A
"PAK.AX","PACIFICAM FPO",0.058,-0.002,N/A
"PBX.AX","PACIFICBA FPO",0.02,+0.00,N/A
"PAC.AX","PACCURRENT FPO",6.10,+0.28,N/A
"PDF.AX","PACIFIC D FPO",N/A,+0.000,N/A
"PEA.AX","PAC ENERGY FPO",0.73,+0.02,N/A
"PFM.AX","PAC.MINING FPO",0.70,+0.00,N/A
"PSQ.AX","PACSMILES FPO",2.03,+0.05,N/A
"PNW.AX","PAC STAR FPO",0.27,+0.00,N/A
"PMY.AX","PACIFICO FPO",0.006,+0.000,N/A
"PGH.AX","PACT GROUP FPO",6.29,-0.13,N/A
"PDN.AX","PALADIN FPO",N/A,+0.000,N/A
"PZC.AX","PAN ASIA FPO",0.005,+0.000,N/A
"PPP.AX","PAN PAC. FPO",0.030,+0.000,N/A
"PCL.AX","PANCONT FPO",0.002,+0.000,N/A
"PSY.AX","PANORAMA FPO",0.04,-0.00,N/A
"PAN.AX","PANORAMIC FPO",0.250,-0.010,N/A
"PGI.AX","PANTERRA G FPO",0.063,-0.001,N/A
"PNR.AX","PANTORO FPO",0.205,+0.000,N/A
"PXU.AX",N/A,N/A,N/A,N/A
"PPY.AX","PAPYRUS FPO",0.006,+0.000,N/A
"PAR.AX","PARA BIO FPO",0.580,+0.035,N/A
"PGC.AX","PARAGON FPO",0.73,+0.00,N/A
"PNL.AX","PARINGA FPO",0.44,+0.00,N/A
"PWN.AX","PARKWAY FPO",0.012,-0.001,N/A
"PAB.AX","PATRYS FPO",0.007,+0.000,N/A
"PEK.AX","PEAK RES FPO",0.074,+0.001,N/A
"PKO.AX","PEAKO LTD FPO",0.015,+0.000,N/A
"PEX.AX","PEEL MNG FPO",0.22,+0.01,N/A
"PPC.AX","PEET FPO",1.23,-0.02,N/A
"PUN.AX","PEGASUS FPO",0.060,+0.000,N/A
"PEL.AX","PELICAN FPO",0.019,+0.000,N/A
"PEN.AX","PENINSULA FPO",0.40,-0.00,N/A
"PSM.AX","PEN MINES FPO",0.02,+0.00,N/A
"PTL.AX","PENTAL FPO",0.65,-0.03,N/A
"PNN.AX","PEPINNINI FPO",0.024,+0.000,N/A
"PEP.AX","PEPPER GRP FPO",2.91,-0.09,N/A
"PIL.AX","PEPPERMINT FPO",0.010,+0.000,N/A
"PIC.AX","PERPEQUITY FPO",1.045,+0.005,N/A
"PPT.AX","PERPETUAL FPO",54.00,-0.29,N/A
"PEC.AX","PERPET RES FPO",0.030,+0.000,N/A
"PRU.AX","PERSEUS FPO",0.305,+0.015,N/A
"PTR.AX","PETRATHERM FPO",0.03,+0.00,N/A
"PRL.AX","PETREL ENE FPO",0.038,+0.000,N/A
"PSA.AX","PETSEC FPO",0.15,+0.00,N/A
"PNO.AX","PHARMANET FPO",N/A,+0.00,N/A
"PAA.AX","PHARMAUST FPO",0.074,+0.000,N/A
"PXS.AX","PHARMAXIS FPO",0.29,+0.03,N/A
"PHI.AX","PHILEO FPO",10.25,+0.00,N/A
"PHK.AX","PHOSLOCK FPO",0.17,+0.00,N/A
"POH.AX","PHOSPHAGEN FPO",0.014,+0.000,N/A
"PYC.AX","PHYLOGICA FPO",0.048,+0.000,N/A
"PLS.AX","PILBARAMIN FPO",0.445,+0.020,N/A
"PGY.AX","PILOT FPO",0.002,+0.000,N/A
"PNI.AX","PINNACLE FPO",2.36,-0.01,N/A
"PNC.AX","PIONEER CR FPO",2.20,+0.05,N/A
"PIO.AX","PIONEER FPO",0.019,-0.001,N/A
"PEG.AX","PIXIEGROUP CDI 1:1",N/A,+0.000,N/A
"PGS.AX","PLANETGAS FPO",0.014,-0.001,N/A
"PGM.AX","PLATINA FPO",0.094,+0.001,N/A
"PAI.AX","PLAT ASIA FPO",1.005,-0.008,N/A
"PTM.AX","PLAT MGMT FPO",4.41,-0.05,N/A
"PMC.AX","PLATINUM FPO",1.585,-0.020,N/A
"PL8.AX","PLATO INMX FPO",1.10,+0.00,N/A
"PKA.AX","PLUKKA FPO",0.018,+0.000,N/A
"PLH.AX","PLYM MINER FPO",0.225,+0.000,N/A
"PAF.AX","PMASIAN FPO",1.02,+0.00,N/A
"PGF.AX","PMGLOBAL FPO",1.09,+0.00,N/A
"PMP.AX","PMP LTD FPO",0.63,-0.01,N/A
"PNX.AX","PNX METALS FPO",0.014,-0.001,N/A
"PVE.AX","PO VALLEY FPO",0.03,+0.00,N/A
"3DP.AX","POINTERRA FPO",0.025,-0.003,N/A
"PNV.AX","POLYNOVO FPO",0.23,+0.00,N/A
"POS.AX","POSEIDON FPO",0.029,-0.002,N/A
"PVL.AX","POWERHOUSE FPO NZ",0.705,-0.045,N/A
"POZ.AX","POZMINLTD FPO",0.034,+0.000,N/A
"PPK.AX","PPK GROUP FPO",N/A,+0.00,N/A
"PPS.AX","PRAEMIUM FPO",0.38,-0.01,N/A
"PDZ.AX","PRAIRIE FPO",0.48,-0.01,N/A
"PBT.AX","PRANA FPO",0.060,+0.003,N/A
"PDI.AX","PREDICTIVE FPO",0.009,+0.000,N/A
"PMV.AX","PREM INV. FPO",12.85,-0.25,N/A
"PEZ.AX","PREMIERE FPO",N/A,+0.00,N/A
"PTX.AX","PRESCIENT FPO",0.096,-0.002,N/A
"PRR.AX","PRIMA FPO",0.03,+0.00,N/A
"PGO.AX","PRIM GOLD FPO",0.057,+0.000,N/A
"PRY.AX","PRIMARY FPO",3.82,-0.05,N/A
"POP.AX","PRIMARY OP FPO",0.015,+0.000,N/A
"PFG.AX","PRIME FIN. FPO",0.120,+0.005,N/A
"PRT.AX","PRIME TV FPO",0.34,+0.00,N/A
"PME.AX","PROMEDICUS FPO",5.54,-0.01,N/A
"PPG.AX","PRO PAC FPO",0.37,+0.00,N/A
"PBP.AX","PROBIOTEC FPO",0.49,+0.00,N/A
"PRG.AX","PROGRAMMED FPO",1.68,-0.11,N/A
"POB.AX",N/A,N/A,N/A,N/A
"PCH.AX","PROP CON FPO",0.009,+0.000,N/A
"PLG.AX","PROP LINK FORUS",0.815,-0.005,N/A
"PRO.AX","PROPHECY FPO",0.49,+0.00,N/A
"PSC.AX","PROSPECRES FPO",0.026,+0.000,N/A
"PSP.AX","PROSPERITY FPO",N/A,+0.000,N/A
"POW.AX","PROTEAN FPO",0.040,-0.004,N/A
"PIQ.AX","PROTEOMICS FPO",0.16,-0.01,N/A
"PRW.AX","PROTO RES FPO",N/A,+0.000,N/A
"PON.AX",N/A,N/A,N/A,N/A
"PSZ.AX","PS&C FPO",0.28,+0.00,N/A
"PSI.AX","PSC INSUR FPO",2.08,+0.01,N/A
"PVA.AX","PSIVIDACOR CDI",N/A,+0.10,N/A
"PTB.AX","PTB GROUP FPO",0.535,+0.000,N/A
"PHA.AX","PUBLIC FPO",N/A,+0.00,N/A
"PHG.AX","PULSE HLTH FPO",N/A,+0.000,N/A
"PUI.AX",N/A,N/A,N/A,N/A
"PUB.AX",N/A,N/A,N/A,N/A
"PUG.AX",N/A,N/A,N/A,N/A
"PUJ.AX",N/A,N/A,N/A,N/A
"PUK.AX",N/A,N/A,N/A,N/A
"PUO.AX",N/A,N/A,N/A,N/A
"PUQ.AX",N/A,N/A,N/A,N/A
"PUU.AX",N/A,N/A,N/A,N/A
"PUV.AX",N/A,N/A,N/A,N/A
"PVD.AX","PURA VIDA FPO",0.037,+0.001,N/A
"PPL.AX","PUREPROFIL FPO",0.40,+0.00,N/A
"PPH.AX","PUSHPAY FPO NZX",1.75,+0.00,N/A
"PWH.AX","PWR HLDING FPO",2.07,+0.00,N/A
"QTG.AX","Q TECH FPO",0.003,+0.000,N/A
"QAN.AX","QANTAS FPO",4.78,+0.04,N/A
"QIP.AX","QANTMIP FPO",1.77,-0.01,N/A
"QBE.AX","QBE INSUR. FPO",13.27,-0.16,N/A
"QMS.AX","QMS MEDIA FPO",1.16,-0.01,N/A
"QRX.AX","QRX PHARMA FPO",N/A,+0.000,N/A
"QFY.AX","QUANTIFY FPO",0.078,+0.002,N/A
"QTM.AX","QUANT ENE FPO",0.024,+0.000,N/A
"QUR.AX","QUANT RES FPO",0.012,+0.000,N/A
"QUB.AX","QUBE FPO",2.63,-0.06,N/A
"QBC.AX",N/A,N/A,N/A,N/A
"QBL.AX","QUEEN BAUX FPO",0.018,-0.001,N/A
"QMN.AX","QLD MINING FPO",0.06,+0.00,N/A
"XQL.AX",N/A,N/A,N/A,N/A
"QST.AX","QUEST INV. FPO",0.30,+0.00,N/A
"QNL.AX","QUEST MIN FPO",0.025,+0.000,N/A
"QUE.AX","QUESTE FPO",0.100,+0.000,N/A
"QSS.AX","QUESTUS FPO",0.03,+0.00,N/A
"QHL.AX","QUICKSTEP FPO",0.11,+0.01,N/A
"QIN.AX","QUINTIS FPO",0.230,+0.000,N/A
"QVE.AX","QVEQUITIES FPO",1.29,+0.00,N/A
"R3D.AX","R3DGLOBAL FPO",0.085,+0.000,N/A
"RAC.AX","RACEONCO FPO",0.22,-0.01,N/A
"RAF.AX","RAFFLESCAP FPO",N/A,+0.00,N/A
"RMR.AX","RAM RES FPO",N/A,+0.000,N/A
"RMS.AX","RAMELIUS FPO",0.405,-0.010,N/A
"RMM.AX",N/A,N/A,N/A,N/A
"RMB.AX",N/A,N/A,N/A,N/A
"RMH.AX",N/A,N/A,N/A,N/A
"RHC.AX","RAMSAY FPO",71.90,-0.66,N/A
"RND.AX","RAND MIN FPO",2.19,+0.00,N/A
"RAN.AX","RANGE INTL FPO",0.61,+0.00,N/A
"RRS.AX","RANGE RES FPO",N/A,+0.000,N/A
"RPG.AX","RAPTIS FPO",0.08,+0.00,N/A
"RPL.AX","RAPTOR RESOURCES LTD",N/A,+0.00,N/A
"RAW.AX","RAWSON FPO",0.044,+0.000,N/A
"RBR.AX","RBR GROUP FPO",0.006,+0.000,N/A
"RCG.AX","RCG CORP FPO",0.68,-0.00,N/A
"RCR.AX","RCR FPO",3.42,+0.01,N/A
"REA.AX","REA GROUP FPO",62.94,-0.34,N/A
"RLE.AX","REALENERGY FPO",0.11,+0.04,N/A
"REV.AX","REI GROUP FPO",0.045,+0.000,N/A
"RRP.AX","REALM RES FPO",N/A,+0.000,N/A
"RCE.AX","RECCE LTD FPO",0.20,+0.00,N/A
"RKN.AX","RECKON FPO",1.71,+0.00,N/A
"RFT.AX","RECTIFIER FPO",0.017,+0.001,N/A
"RED.AX","RED 5 LTD FPO",0.041,-0.003,N/A
"RMP.AX","REDEMPEROR FPO",0.02,+0.00,N/A
"RHI.AX","REDHILL IR FPO",0.67,+0.00,N/A
"RDM.AX","RED METAL FPO",0.160,-0.005,N/A
"RMX.AX","REDMOUNT FPO",0.030,+0.000,N/A
"RVR.AX","REDRIVER FPO",0.195,-0.005,N/A
"ROG.AX","RED SKY. FPO",0.006,+0.002,N/A
"RCP.AX","REDBANK FPO",0.003,+0.000,N/A
"RBL.AX","REDBUBBLE FPO",0.835,+0.000,N/A
"RDF.AX","REDFLEX FPO",0.58,-0.03,N/A
"RFX.AX","REDFLOW FPO",0.245,+0.010,N/A
"RDH.AX","REDH EDU FPO",1.15,+0.00,N/A
"RDS.AX","REDSTONE FPO",0.016,+0.000,N/A
"REH.AX","REECE FPO",41.20,-0.49,N/A
"RLC.AX","REEDYLC FPO",0.024,-0.002,N/A
"RCT.AX","REEFCASINO UNIT",3.50,+0.03,N/A
"RFN.AX","REFFIND FPO",0.015,+0.000,N/A
"RGP.AX","REFRESHGRP FPO",0.054,+0.005,N/A
"RGS.AX","REGENEUS FPO",0.135,+0.005,N/A
"REX.AX","REG EX HLD FPO",0.98,+0.01,N/A
"REG.AX","REG HEALTH FPO",4.38,-0.05,N/A
"RRL.AX","REGIS FPO",3.22,-0.09,N/A
"RWC.AX","RWC CORP FPO",3.28,+0.07,N/A
"RNU.AX","RENASCOR FPO",0.02,+0.00,N/A
"RNT.AX","RENTDOTCOM FPO",0.099,+0.005,N/A
"RNE.AX","RENUENERGY FPO",0.01,+0.00,N/A
"RHS.AX","REPRODUCTI FPO",0.165,+0.005,N/A
"RAP.AX","RESAPP FPO",0.300,-0.005,N/A
"RMD.AX","RESMED CDI 10:1",9.29,+0.09,N/A
"RSG.AX","RESOLUTE FPO",1.18,-0.04,N/A
"RHT.AX","RESONANCE FPO",0.023,+0.000,N/A
"RBX.AX","RES BASE FPO",0.084,-0.012,N/A
"RDG.AX","RESDEV FPO",0.02,+0.00,N/A
"RES.AX","RES GENER FPO",0.065,-0.009,N/A
"RMI.AX","RES MINING FPO",0.008,-0.001,N/A
"REZ.AX","RES&EN GRP FPO",0.14,+0.00,N/A
"RSH.AX","RESPIRI FPO",0.050,+0.000,N/A
"RFG.AX","RTL FOOD FPO",5.27,-0.14,N/A
"RTE.AX","RETECH TECHNOLOGY CO LTD",N/A,+0.00,N/A
"RVA.AX","REVA MEDIC CDI 10:1",0.90,-0.02,N/A
"REF.AX","REVERSE FPO",0.098,+0.000,N/A
"RWD.AX","REWARD MIN FPO",0.32,+0.00,N/A
"RXH.AX","REWARDLE FPO",0.028,+0.000,N/A
"RXM.AX","REXMIN FPO",0.063,+0.007,N/A
"REY.AX","REY RES FPO",0.14,+0.00,N/A
"RNO.AX","RHINOMED FPO",0.215,+0.005,N/A
"RHP.AX","RHIPE LTD FPO",0.41,-0.02,N/A
"RIC.AX","RIDLEY FPO",1.50,-0.01,N/A
"RIE.AX","RIEDEL RES FPO",0.020,+0.000,N/A
"RVY.AX","RIFT VALL FPO",0.028,-0.003,N/A
"RIM.AX","RIMFIRE FPO",0.025,-0.001,N/A
"RIO.AX","RIO TINTO FPO",59.69,-0.36,N/A
"RNL.AX","RISION FPO",0.007,+0.001,N/A
"RIR.AX","RIVARESOU FPO",0.023,+0.000,N/A
"RMT.AX","RMA ENERGY FPO",0.003,+0.000,N/A
"RMG.AX","RMG FPO",0.015,+0.000,N/A
"RNI.AX","RNINL FPO",N/A,+0.00,N/A
"RNY.AX","RNY P T UNIT",0.033,+0.000,N/A
"RBO.AX","ROBO3D FPO",0.079,+0.000,N/A
"RGI.AX","ROTOGRO FPO",0.295,-0.010,N/A
"RXL.AX","ROX RES FPO",0.015,-0.001,N/A
"RWH.AX","ROYAL WOLF FPO",1.40,+0.02,N/A
"RCO.AX","ROYALCO FPO",0.25,+0.00,N/A
"RTG.AX","RTG MINING CDI 1:1",0.18,+0.00,N/A
"RUB.AX","RUBICR GRP FPO",0.05,+0.00,N/A
"RFL.AX","RUBIK FIN FPO",N/A,+0.000,N/A
"RTR.AX","RUMBLE FPO",0.026,-0.001,N/A
"RUL.AX","RPMGLOBAL FPO",0.62,+0.04,N/A
"RFF.AX","RURALFUNDS STAPLED",1.780,-0.025,N/A
"RHL.AX","RURALCO FPO",3.09,+0.00,N/A
"RXP.AX","RXPSERVICE FPO",0.80,-0.01,N/A
"RYD.AX","RYDERCAP FPO",1.06,+0.00,N/A
"S2R.AX","S2RESOURCE FPO",0.22,-0.01,N/A
"SBR.AX","SABRE RES. FPO",0.015,+0.000,N/A
"SGC.AX","SACGASCO FPO",0.074,+0.003,N/A
"SRH.AX","SAFEROADS FPO",0.12,+0.00,N/A
"SAN.AX","SAGALIO EN FPO",0.013,+0.000,N/A
"SLM.AX","SALMAT FPO",0.49,+0.00,N/A
"SO4.AX","SALT LAKE FPO",0.450,+0.000,N/A
"SSN.AX","SAMSON FPO",0.004,+0.000,N/A
"SFR.AX","SANDFIRE FPO",5.90,+0.05,N/A
"SNC.AX","SANDON FPO",1.020,-0.015,N/A
"SMI.AX","SANTANAMIN FPO",0.036,+0.000,N/A
"STO.AX","SANTOS FPO",3.62,+0.01,N/A
"SAR.AX","SARACEN FPO",0.970,+0.005,N/A
"SND.AX","SAUNDERS FPO",0.530,+0.000,N/A
"SYA.AX","SAYONA FPO",0.021,+0.001,N/A
"SCG.AX","SCENTRE STAPLED",4.24,-0.04,N/A
"SCW.AX","SCENTRE T1 UNIT",N/A,+0.00,N/A
"SCA.AX",N/A,N/A,N/A,N/A
"SFC.AX","SCHAFFER FPO",6.90,-0.01,N/A
"SDV.AX","SCIDEV FPO",0.013,+0.000,N/A
"SIE.AX","SCIGEN CDI 1:1",0.07,+0.02,N/A
"SCO.AX","SCOTTISH FPO",2.57,+0.02,N/A
"SCT.AX","SCOUT SECURITY LTD",N/A,+0.00,N/A
"SDI.AX","SDI FPO",0.60,+0.00,N/A
"SFG.AX","SEAFARMS FPO",0.08,+0.00,N/A
"SLK.AX","SEALINK FPO",4.24,-0.03,N/A
"SP1.AX","SEARCHPART FPO",0.01,+0.00,N/A
"SES.AX","SECOS FPO",0.090,+0.000,N/A
"S2G.AX",N/A,N/A,+0,N/A
"SAC.AX",N/A,N/A,N/A,N/A
"SEK.AX","SEEK FPO",18.00,+0.12,N/A
"SEG.AX","SEGUE RES FPO",0.038,-0.001,N/A
"SHV.AX","SELECT FPO",5.20,-0.10,N/A
"SEN.AX","SENETAS FPO",0.092,+0.002,N/A
"SXY.AX","SENEX FPO",0.31,-0.00,N/A
"SE1.AX","SENSERA FPO",0.36,+0.00,N/A
"SEQ.AX","SEQUOIA FPO",0.330,+0.000,N/A
"HTV.AX",N/A,N/A,N/A,N/A
"REQ.AX",N/A,N/A,N/A,N/A
"WSC.AX",N/A,N/A,N/A,N/A
"REK.AX",N/A,N/A,N/A,N/A
"RDA.AX",N/A,N/A,N/A,N/A
"WSH.AX",N/A,N/A,N/A,N/A
"WSJ.AX",N/A,N/A,N/A,N/A
"WSN.AX",N/A,N/A,N/A,N/A
"WSO.AX",N/A,N/A,N/A,N/A
"RFB.AX",N/A,N/A,N/A,N/A
"HTB.AX",N/A,N/A,N/A,N/A
"WSQ.AX",N/A,N/A,N/A,N/A
"WSD.AX",N/A,N/A,N/A,N/A
"WSZ.AX",N/A,N/A,N/A,N/A
"WEK.AX",N/A,N/A,N/A,N/A
"WEJ.AX",N/A,N/A,N/A,N/A
"SRV.AX","SERVCORP FPO",6.15,-0.13,N/A
"SSM.AX","SRVSTREAM FPO",1.30,-0.00,N/A
"SVT.AX","SERVTECH FPO",0.14,-0.01,N/A
"SVW.AX","SEVEN GRP FPO",11.14,-0.16,N/A
"SWM.AX","SEVENWEST FPO",0.75,-0.00,N/A
"SWL.AX","SEYMOUR FPO",1.17,+0.00,N/A
"SGF.AX","SGFLEET FPO",3.80,-0.02,N/A
"SRO.AX","SHAREROOT FPO",0.007,+0.000,N/A
"SM8.AX","SHARKMS FPO",0.110,+0.000,N/A
"SSG.AX","SHAVERSHOP FPO",0.64,+0.00,N/A
"SRR.AX","SHAW RIVER FPO",N/A,+0.000,N/A
"SFX.AX","SHEFF RES FPO",0.58,-0.02,N/A
"SHU.AX","SHENHUA FPO",0.19,+0.00,N/A
"SHJ.AX","SHINE CORP FPO",0.50,+0.00,N/A
"SCP.AX","SHOPCENAUS STAPLED",2.31,-0.02,N/A
"SHH.AX","SHREE MIN FPO",0.020,+0.000,N/A
"SHM.AX","SHRIRO FPO",1.20,+0.00,N/A
"SBU.AX","SIBURAN FPO",0.007,+0.002,N/A
"SSL.AX","SIETEL FPO",N/A,+0.00,N/A
"SIP.AX","SIGMAPHARM FPO",N/A,+0.02,N/A
"SIH.AX","SIHAYO FPO",0.012,+0.000,N/A
"SLX.AX","SILEX FPO",0.435,-0.005,N/A
"SIV.AX","SILVR CHEF FPO",7.62,-0.02,N/A
"SCI.AX","SILVERCITY FPO",0.023,-0.002,N/A
"SVH.AX","SILVER HTG FPO",N/A,+0.00,N/A
"SLR.AX","SILVERLAKE FPO",0.49,-0.02,N/A
"SVL.AX","SILVERMINE FPO",0.130,-0.005,N/A
"SVA.AX","SIMAVITA CDI 1:1",0.07,+0.00,N/A
"SIO.AX","SIMONDS FPO",0.345,-0.010,N/A
"SGM.AX","SIMS METAL FPO",11.95,-0.13,N/A
"SEH.AX","SGEHOLDING FPO",0.089,-0.002,N/A
"SNV.AX","SINOVUS FPO",N/A,+0.000,N/A
"SRI.AX","SIPA RES. FPO",0.015,+0.000,N/A
"SRX.AX","SIRTEX MED FPO",15.60,-0.26,N/A
"SIT.AX","SITE GROUP FPO",0.07,-0.02,N/A
"SAM.AX","SIVASMNGMT FPO",N/A,+0.00,N/A
"SKN.AX","SKNELEMENT FPO",0.180,-0.005,N/A
"SAS.AX","SKYSPACE FPO",0.19,-0.01,N/A
"SKT.AX","SKY NET TV FPO NZ",3.56,-0.02,N/A
"SKC.AX","SKYCITY FPO NZX",4.17,-0.05,N/A
"SKB.AX","SKYDIVEBCH FPO",0.64,+0.00,N/A
"SKF.AX","SKYFII FPO",0.08,+0.00,N/A
"SKP.AX","SKYLAND CDI 1:1",N/A,+0.00,N/A
"SGH.AX","SLATER & G FPO",0.12,+0.01,N/A
"SAB.AX",N/A,N/A,N/A,N/A
"SSE.AX",N/A,N/A,N/A,N/A
"SMT.AX",N/A,N/A,N/A,N/A
"SXB.AX",N/A,N/A,N/A,N/A
"SS6.AX",N/A,N/A,N/A,N/A
"SAZ.AX",N/A,N/A,N/A,N/A
"SPZ.AX","SMART PARK FPO",0.250,+0.010,N/A
"SIQ.AX","SMARTGROUP FPO",7.25,+0.15,N/A
"SMP.AX","SMARTPAY FPO NZX",0.190,-0.005,N/A
"SMA.AX","SMARTTRANS FPO",0.010,+0.001,N/A
"SOP.AX","SML CORP FPO",0.048,+0.000,N/A
"SMX.AX","SMS M&T FPO",1.60,+0.00,N/A
"SOM.AX","SOMNOMED FPO",3.14,-0.04,N/A
"SHL.AX","SONIC HLTH FPO",23.22,+0.05,N/A
"SMG.AX","SOONMINING FPO",0.30,+0.00,N/A
"SAY.AX","STHAMERICA FPO",N/A,+0.000,N/A
"SXI.AX","SOUTHEAST FPO",N/A,+0.000,N/A
"SPB.AX","SOUTH PAC FPO",0.04,+0.00,N/A
"S32.AX","SOUTH32 FPO",2.68,+0.04,N/A
"SXE.AX","STH X ELEC FPO",0.535,+0.030,N/A
"SXX.AX","S.CROSS EX FPO",0.008,+0.000,N/A
"SXL.AX","STHNXMEDIA FPO",1.38,-0.02,N/A
"SAU.AX","STHN GOLD FPO",0.28,+0.02,N/A
"SUH.AX","STH HEM MI FPO",0.11,+0.00,N/A
"SVM.AX","SOVEREIGN FPO",0.11,+0.00,N/A
"SKI.AX","SPARK INFR FORUS",2.63,+0.06,N/A
"SPK.AX","SPARK NZ FPO NZX",3.49,-0.06,N/A
"STW.AX","SPDR 200 ETF UNITS",55.00,+0.06,N/A
"SLF.AX","SPDR PRP ETF UNITS",12.99,-0.11,N/A
"SFY.AX","SPDR 50 ETF UNITS",55.10,+0.00,N/A
"SFH.AX","SPECIALTY FPO",0.47,-0.03,N/A
"SPX.AX","SPECTRUM FPO",0.008,+0.000,N/A
"SDA.AX","SPEEDCAST FPO",4.06,+0.00,N/A
"SRS.AX","SPICERS FPO",0.027,+0.000,N/A
"ST1.AX","SPIRIT TC FPO",0.140,+0.000,N/A
"SPI.AX","SPITFIRE FPO",0.12,-0.01,N/A
"SFI.AX","SPOOKFISH FPO",0.087,+0.002,N/A
"SHO.AX","SPORTSH FPO",0.050,-0.001,N/A
"SPO.AX","SPOTLESS FPO",1.12,+0.00,N/A
"SFL.AX","SPRING FG FPO",0.21,+0.00,N/A
"SIX.AX","SPRINTEX FPO",0.29,+0.00,N/A
"SRG.AX","SRG LTD FPO",1.355,-0.035,N/A
"SBM.AX","ST.BARBARA FPO",2.83,-0.05,N/A
"SGQ.AX","ST GEORGE FPO",0.140,-0.010,N/A
"SMR.AX","STANMORE FPO",0.37,+0.00,N/A
"STL.AX","STAR GROUP FPO",0.027,+0.000,N/A
"SPL.AX","STARPHARMA FPO",0.745,-0.005,N/A
"SVY.AX","STAVELYMIN FPO",0.120,+0.000,N/A
"SDF.AX","STEADFAST FPO",2.85,+0.02,N/A
"SST.AX","STEAMSHIP FPO 50T",23.00,+0.00,N/A
"SRZ.AX","STELLAR FPO",0.025,-0.002,N/A
"SCU.AX","STEMCELL FPO",0.14,+0.01,N/A
"SBI.AX","STERLPLANT FPO",0.020,+0.000,N/A
"SGP.AX","STOCKLAND. STAPLED",4.74,-0.04,N/A
"SKS.AX","STOKES FPO",0.43,+0.00,N/A
"SHK.AX","STONE RES FPO",0.005,+0.000,N/A
"SWJ.AX","STONEWALL FPO",0.030,+0.001,N/A
"SRY.AX","STORYILTD FPO",0.046,+0.004,N/A
"STA.AX","STRANDLINE FPO",0.007,+0.000,N/A
"SXA.AX","STRATA-X CDI 1:1",0.043,+0.000,N/A
"SOR.AX","STRAT ELE FPO",0.066,+0.000,N/A
"SER.AX","STRATEGIC FPO",0.010,-0.002,N/A
"SMC.AX","STRAT MINS FPO",0.49,+0.00,N/A
"SGO.AX","STREAM GRP FPO",N/A,+0.000,N/A
"STX.AX","STRIKE ENE FPO",0.083,-0.001,N/A
"SRK.AX","STRIKE FPO",0.047,+0.000,N/A
"SMN.AX","STRUCT MON CDI 1:1",1.305,+0.020,N/A
"SZG.AX","SUBZERO FPO",N/A,+0.000,N/A
"SGU.AX","SUCCESS FPO",0.049,+0.000,N/A
"SUD.AX","SUDA FPO",0.02,-0.00,N/A
"SDC.AX",N/A,N/A,+0,N/A
"SUM.AX","SUMATRACG CDI 1:1",0.016,+0.000,N/A
"SNZ.AX","SUMMERSET FPO NZX",N/A,+0.00,N/A
"SMM.AX","SUMMIT RES FPO",0.28,+0.00,N/A
"SUR.AX","SUN FPO",0.005,+0.000,N/A
"SBB.AX","SUNBRIDGE FPO",0.012,+0.000,N/A
"SUN.AX","SUNCORP FPO",14.35,-0.05,N/A
"SBK.AX",N/A,N/A,N/A,N/A
"SEA.AX","SEA LTD FPO",0.092,-0.001,N/A
"SDL.AX","SUNDANCE FPO",0.005,+0.000,N/A
"SDG.AX","SUNLAND FPO",1.740,-0.005,N/A
"SVS.AX","SUNVEST FPO",0.39,+0.00,N/A
"SUL.AX","SUPARETAIL FPO",8.37,+0.01,N/A
"SPQ.AX","SUPERIOR FPO",0.007,+0.000,N/A
"SLC.AX","SUPERLOOP FPO",2.56,+0.04,N/A
"SNL.AX","SUPPLY NET FPO",2.40,+0.00,N/A
"SRN.AX","SUREFIRE FPO",0.002,+0.000,N/A
"SRF.AX","SURFSTITCH FPO",0.11,-0.01,N/A
"SWE.AX","SWALA ENER FPO",N/A,+0.000,N/A
"SWK.AX","SWICKMIN FPO",0.29,+0.00,N/A
"SW1.AX","SWIFT NET FPO",0.240,-0.005,N/A
"SYD.AX","SYDAIRPORT FORUS",7.28,+0.10,N/A
"SMD.AX","SYNDICAT M FPO",0.017,+0.001,N/A
"SYS.AX","SYNGAS FPO",0.003,+0.000,N/A
"SM1.AX","SYNLAIT FPO NZX",3.62,+0.00,N/A
"SYT.AX","SYNTONIC FPO",0.029,+0.001,N/A
"SYR.AX","SYRAH RES FPO",2.59,-0.13,N/A
"TAH.AX","TABCORP FPO",4.67,-0.02,N/A
"TAG.AX","TAG FPO",0.064,+0.000,N/A
"TKO.AX","TAKOR GROUP LTD",N/A,+0.00,N/A
"TKG.AX","TAKORADI FPO",N/A,+0.000,N/A
"TLG.AX","TALGA RES FPO",0.705,-0.045,N/A
"TLM.AX","TALISMAN FPO",0.30,+0.00,N/A
"TPD.AX","TALON PETR FPO",0.010,+0.000,N/A
"TMK.AX","TAMASKAOIL FPO",0.004,+0.000,N/A
"TWD.AX","TAMAWOOD FPO",3.92,-0.23,N/A
"TAM.AX","TANAMI FPO",0.059,+0.000,N/A
"TRL.AX","TANGARES FPO",0.04,+0.00,N/A
"TAP.AX","TAP OIL FPO",0.070,-0.001,N/A
"TEX.AX","TARGET FPO",0.002,-0.001,N/A
"TAR.AX","TARUGAGOLD FPO",0.05,+0.00,N/A
"TFL.AX","TASFOODS FPO",0.22,+0.03,N/A
"TAS.AX","TASMAN RES FPO",0.180,-0.005,N/A
"TMM.AX","TASMINE FPO",N/A,+0.00,N/A
"TGR.AX","TASSAL GRP FPO",4.56,+0.02,N/A
"TTS.AX","TATTS GRP FPO",4.31,-0.04,N/A
"TAW.AX","TAWANA FPO",0.245,-0.010,N/A
"TDL.AX","TBGDIAGNOS FPO",0.18,+0.05,N/A
"TMP.AX","TECH MPIRE FPO",0.300,+0.025,N/A
"TCN.AX","TECHNICHE. FPO",0.06,+0.00,N/A
"TMT.AX","TECHMETALS FPO",0.21,-0.00,N/A
"TNE.AX","TECH ONE FPO",5.75,-0.03,N/A
"TGH.AX","TEGEL GRP FPO NZX",1.000,-0.010,N/A
"TLS.AX","TELSTRA FPO",4.40,+0.04,N/A
"TPW.AX","TEMPLE WEB FPO",0.16,+0.02,N/A
"TGG.AX","TEMPLETON FPO",1.360,-0.015,N/A
"TPP.AX","TEMPO FPO",0.175,-0.015,N/A
"TEN.AX","TEN NET FPO",0.230,-0.010,N/A
"TGZ.AX","TERANGA DEF SET",N/A,+0.00,N/A
"TER.AX","TERRACOM FPO",0.029,+0.000,N/A
"TMX.AX","TERRAIN FPO",0.01,+0.00,N/A
"TZN.AX","TERRAMIN FPO",0.195,-0.008,N/A
"TNT.AX","TESSERENT FPO",0.095,+0.005,N/A
"TES.AX",N/A,N/A,N/A,N/A
"A2M.AX","A2 MILK FPO NZ",3.25,-0.03,N/A
"CGL.AX","CITADEL GP FPO",4.50,+0.18,N/A
"FOD.AX","FOOD REV FPO",0.058,+0.000,N/A
"GGL.AX","GRUDEN GR FPO",0.02,+0.00,N/A
"THC.AX","THEHYDROPO FPO",0.34,+0.00,N/A
"PGR.AX","PASGROUP FPO",0.60,+0.00,N/A
"TRS.AX","REJECTSHOP FPO",3.68,-0.29,N/A
"SGR.AX","STAR ENT FPO",5.28,-0.05,N/A
"TNK.AX","THINK CHIL FPO",2.15,-0.01,N/A
"TMZ.AX","THOMSONRES FPO",0.06,+0.00,N/A
"THR.AX","THORMINING CDI 1:1",0.017,+0.000,N/A
"TGA.AX","THORN GRP FPO",1.27,-0.01,N/A
"TOP.AX","THORNEYOPP FPO",0.700,-0.005,N/A
"TEK.AX","THORN TECH FPO",0.22,+0.00,N/A
"TPS.AX","THREAT PRO FPO",0.027,+0.000,N/A
"THD.AX","THRED FPO",0.022,-0.002,N/A
"THX.AX","THUNDELARR FPO",0.05,-0.00,N/A
"TIA.AX","TIAN AN AU FPO",0.950,+0.000,N/A
"TPO.AX","TIAN POH FPO",N/A,+0.000,N/A
"TB8.AX","TIANMEIBGC FPO",0.14,+0.02,N/A
"TGS.AX","TIGER RES FPO",N/A,+0.000,N/A
"TIG.AX","TIG REALM FPO",0.057,-0.001,N/A
"TKF.AX","TIKFORCE FPO",0.034,+0.002,N/A
"TLT.AX","TILTRENEW FPO NZX",N/A,+0.00,N/A
"TML.AX","TIMAH FPO",0.07,+0.00,N/A
"TNY.AX","TINYBEANS FPO",0.85,+0.00,N/A
"TSL.AX","TITANSANDS FPO",N/A,+0.000,N/A
"TOU.AX","TLOUENERGY FPO",0.120,+0.000,N/A
"TNG.AX","TNG FPO",0.14,+0.00,N/A
"TRT.AX","TODDRIVER FPO",0.16,+0.01,N/A
"TOM.AX","TOMIZONE FPO",0.030,+0.000,N/A
"TND.AX","TOP END FPO",0.057,+0.000,N/A
"TBH.AX","TOPBETTA FPO",0.19,+0.01,N/A
"TTW.AX","TOPTUNG FPO",0.04,+0.00,N/A
"TNR.AX","TORIAN FPO",0.100,-0.005,N/A
"TOE.AX","TORO ENERG FPO",0.036,-0.002,N/A
"TRB.AX",N/A,N/A,N/A,N/A
"TRP.AX",N/A,N/A,N/A,N/A
"TRK.AX",N/A,N/A,N/A,N/A
"TOA.AX",N/A,N/A,N/A,N/A
"TNB.AX",N/A,N/A,N/A,N/A
"TNF.AX",N/A,N/A,N/A,N/A
"TNH.AX",N/A,N/A,N/A,N/A
"TOZ.AX",N/A,N/A,N/A,N/A
"TNJ.AX",N/A,N/A,N/A,N/A
"TTZ.AX",N/A,N/A,N/A,N/A
"TFG.AX","TOTAL FACE FPO",0.17,+0.00,N/A
"TCH.AX","TOUCHCORP FPO",1.53,-0.02,N/A
"TWR.AX","TOWER FPO NZX",1.07,-0.03,N/A
"TOX.AX","TOX FREE FPO",2.38,-0.04,N/A
"TPC.AX","TPC CONSOL FPO",0.70,+0.00,N/A
"TPM.AX","TPGTELECOM FPO",5.93,-0.04,N/A
"TPE.AX","TPI ENT FPO",2.10,+0.00,N/A
"TME.AX","TRADE ME FPO NZX",5.04,+0.04,N/A
"TTC.AX","TRATHERAPY FPO",0.37,-0.01,N/A
"TTI.AX","TRAFFIC FPO",0.039,-0.001,N/A
"TKL.AX","TRAKA RES FPO",0.022,-0.001,N/A
"TSN.AX","TRANS SOL FPO",0.012,+0.000,N/A
"TTL.AX","TRANSCEND FPO",0.028,+0.000,N/A
"TSV.AX","TRANSERV FPO",0.009,-0.001,N/A
"TCO.AX","TRANSMETRO FPO",1.190,+0.000,N/A
"TCL.AX","TRANSURBAN STAPLED",12.05,+0.01,N/A
"TMI.AX","TRAPROCK MINING LTD",N/A,+0.00,N/A
"XVG.AX",N/A,N/A,N/A,N/A
"TWE.AX","TREA WINE FPO",13.45,-0.03,N/A
"TKM.AX","TREKMET CDI",0.036,+0.000,N/A
"TEG.AX","TRIANGLE FPO",0.04,-0.00,N/A
"TBR.AX","TRIBUNE FPO",6.18,+0.00,N/A
"TIL.AX","TRILOGYINT FPO NZX",2.35,-0.13,N/A
"TNP.AX","TRIPLE FPO",0.007,+0.000,N/A
"TON.AX","TRITONMIN FPO",0.064,+0.000,N/A
"TRY.AX","TROY RES. FPO",0.105,+0.005,N/A
"TRM.AX","TRUSCOTT FPO",0.026,+0.000,N/A
"TAU.AX","TRUSTEES FPO",0.17,+0.00,N/A
"TTA.AX","TTA HOLDIN FPO",N/A,+0.000,N/A
"TUP.AX","TTG CDI 1:1",0.10,+0.00,N/A
"TGN.AX","TUNGSTEN FPO",0.030,-0.003,N/A
"TRA.AX",N/A,N/A,N/A,N/A
"TV2.AX","TV2U INTER FPO",0.008,-0.001,N/A
"TYK.AX","TYCHEAN FPO",0.006,+0.000,N/A
"TYX.AX","TYRANNA FPO",0.026,-0.002,N/A
"TZL.AX","TZ LIMITED FPO",0.040,-0.001,N/A
"UCW.AX","UCW LTD FPO",0.05,+0.00,N/A
"UIL.AX","UIL ENERGY FPO",0.039,-0.004,N/A
"UUL.AX","ULTIMA UTD FPO",0.16,+0.00,N/A
"UTR.AX","ULTRACHARG FPO",0.027,-0.001,N/A
"UNS.AX","UNILIFE CO CDI 60:1",N/A,+0.000,N/A
"UNL.AX","UNITEDNET FPO",0.14,+0.00,N/A
"UOS.AX","U.O. AUST FPO",0.61,+0.01,N/A
"UBI.AX","UNI BIOSEN CDI 1:1",0.44,-0.01,N/A
"UNV.AX","UNIV COAL CDI 1:1",0.135,+0.000,N/A
"UPD.AX","UPDTER INC CDI FORUS",0.67,+0.00,N/A
"UEQ.AX","URAN EQUIT FPO",0.008,+0.000,N/A
"URI.AX","UR RES INC CDI 1:1",2.20,+0.00,N/A
"USA.AX","URANIUMSA FPO",0.010,+0.000,N/A
"URB.AX","URB INVEST FPO",1.06,-0.01,N/A
"UBN.AX","URBANISE FPO",0.07,-0.01,N/A
"URF.AX","US RESPROP ORD UNITS",2.01,+0.00,N/A
"USR.AX","US RES FND STAPLED",0.455,+0.000,N/A
"USF.AX","USPRIVOPPF UNIT",2.40,+0.00,N/A
"USG.AX","USPRIVOPF2 UNIT",2.35,+0.00,N/A
"USP.AX","USSELECT UNITS",1.63,+0.00,N/A
"UCM.AX","USCOM FPO",0.205,+0.000,N/A
"UUV.AX","UUV AQUA FPO",0.17,-0.00,N/A
"VXL.AX","VALENCE FPO",N/A,+0.000,N/A
"VMX.AX","VALMECLTD FPO",0.165,-0.020,N/A
"VAL.AX","VALORES FPO",0.009,-0.001,N/A
"VAN.AX","VANGOMIN FPO",0.057,+0.001,N/A
"VAR.AX","VARISCAN FPO",0.016,+0.000,N/A
"VLT.AX","VAULT FPO",0.03,+0.00,N/A
"VMG.AX","VDM GROUP FPO",0.002,+0.000,N/A
"VEL.AX",N/A,N/A,N/A,N/A
"VEC.AX","VECTOR RES FPO",0.006,+0.000,N/A
"VBS.AX","VECTUS_BIO FPO",1.65,+0.00,N/A
"VEE.AX","VEEM LTD FPO",0.680,+0.015,N/A
"VP7.AX","VELOCITY FPO",0.18,+0.00,N/A
"VPC.AX","VELPIC LTD FPO",0.016,-0.001,N/A
"VRX.AX","VENTNORRES FPO",0.016,-0.004,N/A
"VMS.AX","VENTUREMIN FPO",0.029,+0.003,N/A
"VXR.AX","VENTUREX FPO",0.006,+0.000,N/A
"VMC.AX","VENUS MET FPO",0.130,-0.005,N/A
"VRM.AX","VERDANT FPO",0.029,-0.001,N/A
"VRI.AX","VERILUMA FPO",0.030,-0.003,N/A
"VRS.AX","VERIS FPO",0.135,+0.000,N/A
"VIA.AX","VIAGOLD FPO 1C",N/A,+0.00,N/A
"VCX.AX","VICINITY STAPLED",2.77,-0.03,N/A
"VCD.AX",N/A,N/A,N/A,N/A
"VIG.AX","VICTOR FPO",0.039,+0.000,N/A
"VIC.AX","VIC MINES FPO",0.011,+0.000,N/A
"VIE.AX","VIENTO GRP FPO",N/A,+0.000,N/A
"VII.AX","VIETNAM FPO",0.34,+0.00,N/A
"VKA.AX","VIKINGMINE FPO",0.016,-0.002,N/A
"VLW.AX","VILLA WLD FPO",2.34,-0.01,N/A
"VRL.AX","VILLAGE FPO",3.53,-0.02,N/A
"VMY.AX","VIMY RES FPO",0.210,-0.005,N/A
"VLA.AX","VIRALYTICS FPO",1.090,+0.015,N/A
"VAH.AX","VIRGIN AUS FPO",0.18,+0.00,N/A
"VRT.AX","VIRTUS FPO",6.10,+0.00,N/A
"VTI.AX","VISIONTECH CDI FORUS",0.40,+0.00,N/A
"VGL.AX","VSTA GRP FPO NZX",N/A,+0.00,N/A
"VTG.AX","VITA GROUP FPO",1.380,-0.100,N/A
"VSC.AX","VLSCIENCE FPO",1.00,+0.00,N/A
"VML.AX","VITALMETAL FPO",0.013,+0.000,N/A
"VVR.AX","VIVA ENERG STAPLED",2.32,-0.03,N/A
"VIV.AX","VIVID FPO",0.047,-0.002,N/A
"VMT.AX","VMOTO FPO",0.065,-0.001,N/A
"VOC.AX","VOCUS FPO",2.45,-0.06,N/A
"VHT.AX","VOLPARA FPO NZ",0.385,+0.020,N/A
"VRC.AX","VOLT FPO",0.034,-0.001,N/A
"VIP.AX","VOLTAGE FPO",0.14,+0.00,N/A
"WAK.AX","WAKENBY FPO",N/A,+0.000,N/A
"WKT.AX","WALKABOUT FPO",0.066,-0.002,N/A
"WAA.AX","WAM ACTIVE FPO",1.16,-0.02,N/A
"WAM.AX","WAMCAPITAL FPO",2.28,-0.08,N/A
"WLE.AX","WAMLEADERS FPO",1.12,+0.00,N/A
"WAX.AX","WAM RESEAR FPO",1.39,-0.05,N/A
"WGL.AX","WANGLETECH FPO",0.019,-0.001,N/A
"WGO.AX","WARATAH FPO",N/A,+0.000,N/A
"SOL.AX","SOUL W.H. FPO",18.65,-0.25,N/A
"WRG.AX","WATER RES FPO",0.003,+0.000,N/A
"WAT.AX","WATERCO FPO",1.76,+0.00,N/A
"WGF.AX","WMARK FUND FPO",1.040,-0.010,N/A
"WMK.AX","WATERMARK FPO",1.00,+0.00,N/A
"WTP.AX","WATPAC FPO",0.69,-0.00,N/A
"WHA.AX","WATTLE FPO",0.370,-0.005,N/A
"WAL.AX","WAVENET FPO",N/A,+0.000,N/A
"WCP.AX","WCP RESOUR FPO",0.09,+0.00,N/A
"WEF.AX",N/A,N/A,N/A,N/A
"WDE.AX","W DEFENDER FPO",0.81,+0.01,N/A
"WEB.AX","WEBJET FPO",12.35,-0.33,N/A
"WBA.AX","WEBSTER FPO",1.32,-0.01,N/A
"WBT.AX","WEEBITNANO FPO",0.02,+0.00,N/A
"WLD.AX","WELLARD FPO",0.200,+0.000,N/A
"WLL.AX","WELLCOMGRP FPO",4.40,-0.03,N/A
"WES.AX","WESFARMER FPO",43.65,-0.41,N/A
"WAF.AX","WESTAFRICA FPO",0.25,-0.00,N/A
"WWI.AX","WEST WITS FPO",0.023,-0.003,N/A
"WSA.AX","WEST AREAS FPO",2.14,-0.03,N/A
"WMN.AX","WESTMIN FPO",0.045,-0.001,N/A
"WFD.AX","WESTFIELDC STAPLED",8.66,-0.17,N/A
"WGX.AX","WESTGOLD FPO",2.06,+0.13,N/A
"WIC.AX","WESTOZIC FPO",0.95,+0.00,N/A
"WBC.AX","WESTPAC FPO",32.85,+0.26,N/A
"WSI.AX","WESTSTARIN FPO",0.016,-0.001,N/A
"WCN.AX","WHITECLIFF FPO",0.006,-0.001,N/A
"WEC.AX","WHITE ENER FPO",0.034,-0.008,N/A
"WRM.AX","WHITEROCK FPO",0.015,+0.000,N/A
"WHF.AX","WHITEFIELD FPO",4.58,+0.01,N/A
"WHC.AX","WHITEHAVEN FPO",2.51,-0.02,N/A
"WEL.AX","WINCHESTER FPO",0.08,+0.00,N/A
"WNR.AX","WINGARA AG FPO",0.280,+0.025,N/A
"WQW.AX","WINHA COMM FPO",0.45,+0.00,N/A
"WFE.AX","WINMAR RES FPO",0.003,+0.000,N/A
"WTC.AX","WISETECH FPO",6.84,-0.04,N/A
"WLF.AX","WOLF MIN FPO",0.070,+0.000,N/A
"WOF.AX","WOLFPETRO FPO",0.039,+0.000,N/A
"WSG.AX","WOLFSTRIKE FPO",0.007,+0.000,N/A
"WLC.AX","WOLLONGONG FPO",0.009,+0.000,N/A
"WMC.AX","WONHE MULT FPO",0.150,+0.000,N/A
"WPL.AX","WOODSIDE FPO",32.50,-0.01,N/A
"WOW.AX","WOOLWORTHS FPO",26.81,-0.15,N/A
"WRR.AX","WORLDREACH FPO",0.170,+0.000,N/A
"WNS.AX","WORLD.NET FPO",N/A,+0.00,N/A
"WOR.AX","WORLEYPARS FPO",11.10,+0.05,N/A
"WPG.AX","WPG RESOUR FPO",0.051,-0.002,N/A
"WPP.AX","WPP AUNZ FPO",1.25,-0.03,N/A
"XAM.AX","XANADUMINE FPO",0.205,+0.000,N/A
"XIP.AX","XENITH FPO",2.20,+0.11,N/A
"XRO.AX","XERO FPO NZX",22.50,+0.46,N/A
"XPD.AX","XPD SOCCER FPO",0.036,-0.001,N/A
"XPE.AX","XPED LIMTD FPO",0.015,+0.000,N/A
"XF1.AX","XREF FPO NZ",0.51,+0.00,N/A
"XRF.AX","XRF SCIEN FPO",0.165,+0.000,N/A
"XST.AX","XSTATE FPO",0.008,+0.001,N/A
"XTD.AX","XTD LTD FPO",0.12,+0.00,N/A
"XTE.AX","XTEKLTD. FPO",0.40,+0.02,N/A
"XTV.AX","XTV NET FPO",N/A,+0.000,N/A
"YAL.AX","YANCOAL FPO",0.29,-0.01,N/A
"YCN.AX",N/A,N/A,N/A,N/A
"YHL.AX","YANGHAO FPO",0.034,+0.003,N/A
"YBR.AX","YELLOWBRIC FPO",0.12,+0.00,N/A
"YOJ.AX","YOJEE FPO",0.077,-0.001,N/A
"YNB.AX","YONDER FPO",0.054,+0.000,N/A
"YOW.AX","YOWIE FPO",0.43,+0.02,N/A
"YPB.AX","YPB GROUP FPO",0.088,-0.004,N/A
"ZEL.AX","Z ENERGY FPO NZX",8.00,-0.06,N/A
"ZAM.AX","ZAMANCO FPO",N/A,+0.000,N/A
"ZGM.AX","ZAMIA MTLS FPO",N/A,+0.000,N/A
"ZLD.AX","ZELDATHERA FPO",0.091,-0.002,N/A
"ZNT.AX","ZENITAS FPO",0.97,+0.00,N/A
"ZNC.AX","ZENITH MIN FPO",0.11,+0.01,N/A
"ZTA.AX","ZETAPETROL CDI 1:1",N/A,+0.000,N/A
"ZER.AX","ZETA RES FPO",0.42,+0.00,N/A
"ZEU.AX","ZEUSRESOUR FPO",0.017,+0.000,N/A
"ZGL.AX","ZICOM FPO",0.13,-0.01,N/A
"ZIM.AX","ZIMPLATS FPO 10CUS",5.60,+0.00,N/A
"ZMI.AX","ZINCOFIRE FPO",0.009,+0.001,N/A
"ZML.AX","ZIPMONEY FPO",0.69,-0.01,N/A
"ZIP.AX","ZIPTEL FPO",0.036,-0.002,N/A
"ZYB.AX","ZYBER FPO",0.006,-0.001,N/A

